1,0,0,"0","Store Department1","Store Department1",0,0,0,0,0,1,"F",0,0,0,0,0,0,0,0,1,"2011-04-18 19:30:20:899000","0","0"
1,2001,0,"1","Deposit               ","Deposit                 ",1,0,0,0,0,2,"G",0,0,0,0,0,0,0,0,1,"2011-04-14 19:30:22:241000","0","0"
1,2091,2001,"3","Deposit minus         ","Deposit minus        ",1,0,0,0,0,3,"G",0,0,0,0,0,0,0,0,1,"2011-04-14 19:30:22:341000","0","0"
1,2092,2001,"2","Deposit plus          ","Deposit plus         ",1,0,0,0,0,3,"G",0,0,0,0,0,0,0,0,1,"2011-04-14 19:30:22:431000","0","0"
1,2991,2091,"3","Deposit minus         ","Deposit minus        ",1,0,0,0,0,4,"G",0,0,0,0,0,0,0,0,1,"2011-04-14 19:30:22:602000","0","0"
1,2992,2092,"2","Deposit plus          ","Deposit plus         ",1,0,0,0,0,4,"G",0,0,0,0,0,0,0,0,1,"2011-04-14 19:30:22:692000","0","0"
1,1010,0,"0","GENERI VARI 1         ","GENERI VARI 1         ",1,0,0,0,0,1,"F",1,1,0,0,6,6,102,6,1,"2011-09-30 00:00:00:000000","0","0"
1,1013,0,"0","GENERI VARI 2         ","GENERI VARI 2         ",1,0,0,0,0,1,"F",1,1,0,0,6,6,102,6,1,"2011-09-30 00:00:00:000000","0","0"
1,1021,0,"0","CARNI                 ","CARNI                 ",1,0,0,0,0,1,"F",1,1,0,0,6,6,102,6,1,"2011-09-30 00:00:00:000000","0","0"
1,1022,0,"0","GASTRONOMIA ASSISTITA ","GASTRONOMIA ASSISTITA ",1,0,0,0,0,1,"F",1,1,0,0,6,6,102,6,1,"2011-09-30 00:00:00:000000","0","0"
1,1023,0,"0","GASTRONOMIA PRODUZIONE","GASTRONOMIA PRODUZIONE",1,0,0,0,0,1,"F",1,1,0,0,6,6,102,6,1,"2011-09-30 00:00:00:000000","0","0"
1,1024,0,"0","LIBERO SERVIZIO       ","LIBERO SERVIZIO       ",1,0,0,0,0,1,"F",1,1,0,0,6,6,102,6,1,"2011-09-30 00:00:00:000000","0","0"
1,1025,0,"0","SURGELATI             ","SURGELATI             ",1,0,0,0,0,1,"F",1,1,0,0,6,6,102,6,1,"2011-09-30 00:00:00:000000","0","0"
1,1026,0,"0","ORTOFRUTTA            ","ORTOFRUTTA            ",1,0,0,0,0,1,"F",1,1,0,0,6,6,102,6,1,"2011-09-30 00:00:00:000000","0","0"
1,1027,0,"0","PESCE                 ","PESCE                 ",1,0,0,0,0,1,"F",1,1,0,0,6,6,102,6,1,"2011-09-30 00:00:00:000000","0","0"
1,1028,0,"0","PANE/PASTICCERIA      ","PANE/PASTICCERIA      ",1,0,0,0,0,1,"F",1,1,0,0,6,6,102,6,1,"2011-09-30 00:00:00:000000","0","0"
1,1030,0,"0","PERSONA               ","PERSONA               ",1,0,0,0,0,1,"F",1,1,0,0,6,6,102,6,1,"2011-09-30 00:00:00:000000","0","0"
1,1033,0,"0","CASA                  ","CASA                  ",1,0,0,0,0,1,"F",1,1,0,0,6,6,102,6,1,"2011-09-30 00:00:00:000000","0","0"
1,1045,0,"0","CONFEZIONAMENTO       ","CONFEZIONAMENTO       ",1,0,0,0,0,1,"F",1,1,0,0,6,6,102,6,1,"2011-09-30 00:00:00:000000","0","0"
1,1050,0,"0","FESTE                 ","FESTE                 ",1,0,0,0,0,1,"F",1,1,0,0,6,6,102,6,1,"2011-09-30 00:00:00:000000","0","0"
1,1070,0,"0","FARMACIA              ","FARMACIA              ",1,0,0,0,0,1,"F",1,1,0,0,6,6,102,6,1,"2011-09-30 00:00:00:000000","0","0"
1,1,1010,"0","BISCOTTI              ","BISCOTTI              ",3,0,0,0,0,2,"F",1,1,0,0,6,6,102,6,1,"2011-09-30 00:00:00:000000","1","0"
1,3,1010,"0","MERENDINE             ","MERENDINE             ",3,0,0,0,0,2,"F",1,1,0,0,6,6,102,6,1,"2011-09-30 00:00:00:000000","1","0"
1,5,1010,"0","PASTICCERIA IND.      ","PASTICCERIA INDUST.   ",3,0,0,0,0,2,"F",1,1,0,0,6,6,102,6,1,"2011-09-30 00:00:00:000000","1","0"
1,7,1010,"0","CARAMELLE/PROD.       ","CARAMELLE/PROD. BASE  ",3,0,0,0,0,2,"F",1,1,0,0,6,6,102,6,1,"2011-09-30 00:00:00:000000","1","0"
1,9,1010,"0","PRODOTTI BASE C       ","PRODOTTI BASE CIOCCOL ",3,0,0,0,0,2,"F",1,1,0,0,6,6,102,6,1,"2011-09-30 00:00:00:000000","1","0"
1,11,1010,"0","CREME SPALMABIL       ","CREME SPALMABILI      ",3,0,0,0,0,2,"F",1,1,0,0,6,6,102,6,1,"2011-09-30 00:00:00:000000","1","0"
1,15,1010,"0","SNACK SALATI          ","SNACK SALATI          ",3,0,0,0,0,2,"F",1,1,0,0,6,6,102,6,1,"2011-09-30 00:00:00:000000","1","0"
1,17,1010,"0","ZUCCHERO E DOLCIF.    ","ZUCCHERO E DOLCIF.    ",3,0,0,0,0,2,"F",1,1,0,0,6,6,102,6,1,"2011-09-30 00:00:00:000000","1","0"
1,19,1010,"0","MIELE                 ","MIELE                 ",3,0,0,0,0,2,"F",1,1,0,0,6,6,102,6,1,"2011-09-30 00:00:00:000000","1","0"
1,21,1010,"0","PREPARATI PER DOLCI   ","PREPARATI PER DOLCI   ",3,0,0,0,0,2,"F",1,1,0,0,6,6,102,6,1,"2011-09-30 00:00:00:000000","1","0"
1,23,1010,"0","ALIMENTI INFANZIA     ","ALIMENTI INFANZIA     ",3,0,0,0,0,2,"F",1,1,0,0,6,6,102,6,1,"2011-09-30 00:00:00:000000","1","0"
1,25,1010,"0","SALUTISTICI           ","SALUTISTICI           ",3,0,0,0,0,2,"F",1,1,0,0,6,6,102,6,1,"2011-09-30 00:00:00:000000","1","0"
1,26,1010,"0","ALIMENTI SALUTISTICI  ","ALIMENTI SALUTISTICI  ",3,0,0,0,0,2,"F",1,1,0,0,6,6,102,6,1,"2011-09-30 00:00:00:000000","1","0"
1,27,1010,"0","CAFFE'                ","CAFFE'                ",4,0,0,0,0,2,"F",1,1,0,0,6,6,102,6,1,"2011-09-30 00:00:00:000000","0","0"
1,29,1010,"0","INFUSI                ","INFUSI                ",3,0,0,0,0,2,"F",1,1,0,0,6,6,102,6,1,"2011-09-30 00:00:00:000000","1","0"
1,30,1010,"0","PASTA DI SEMOLA       ","PASTA DI SEMOLA       ",2,0,0,0,0,2,"F",1,1,0,0,6,6,102,6,1,"2011-09-30 00:00:00:000000","1","0"
1,32,1010,"0","PASTA ALL'UOVO        ","PASTA ALL'UOVO        ",2,0,0,0,0,2,"F",1,1,0,0,6,6,102,6,1,"2011-09-30 00:00:00:000000","1","0"
1,33,1010,"0","SPECIALITA' ESTERE    ","SPECIALITA' ESTERE    ",3,0,0,0,0,2,"F",1,1,0,0,6,6,102,6,1,"2011-09-30 00:00:00:000000","1","0"
1,35,1010,"0","OLIO DI OLIVA         ","OLIO DI OLIVA         ",2,0,0,0,0,2,"F",1,1,0,0,6,6,102,6,1,"2011-09-30 00:00:00:000000","1","0"
1,1035,0,"0","HOBBY TEMPO LIBERO    ","HOBBY TEMPO LIBERO    ",1,0,0,0,0,1,"F",1,1,0,0,6,6,102,6,1,"2011-09-30 00:00:00:000000","0","0"
1,1037,0,"0","TECNO LEGGERO         ","MULTIMEDIA            ",1,0,0,0,0,1,"F",1,1,0,0,6,6,102,6,1,"2011-09-30 00:00:00:000000","0","0"
1,1038,0,"0","TECNO PESANTE         ","HI FI                 ",1,0,0,0,0,1,"F",1,1,0,0,6,6,102,6,1,"2011-09-30 00:00:00:000000","0","0"
1,1039,0,"0","CARTA FEDELTA'        ","CARTA FEDELTA         ",1,0,0,0,0,1,"F",1,1,0,0,6,6,102,6,1,"2011-09-30 00:00:00:000000","0","0"
1,1040,0,"0","SERVIZI POST-VENDITA  ","SERVIZI POST-VENDITA  ",1,0,0,0,0,1,"F",1,1,0,0,6,6,102,6,1,"2011-09-30 00:00:00:000000","0","0"
1,45,1010,"0","CONS. DI VERD.E LEGU  ","CONS. DI VERD.E LEG.A ",3,0,0,0,0,2,"F",1,1,0,0,6,6,102,6,1,"2011-09-30 00:00:00:000000","1","0"
1,46,1010,"0","FETTE BISCOTTATE      ","FETTE BISCOTTATE      ",3,0,0,0,0,2,"F",1,1,0,0,6,6,102,6,1,"2011-09-30 00:00:00:000000","1","0"
1,47,1010,"0","SOTTOLI/SOTTACETI     ","SOTTOLI/SOTTACETI (CO ",3,0,0,0,0,2,"F",1,1,0,0,6,6,102,6,1,"2011-09-30 00:00:00:000000","1","0"
1,49,1010,"0","CONSERVE DI FRUTTA    ","CONSERVE DI FRUTTA    ",3,0,0,0,0,2,"F",1,1,0,0,6,6,102,6,1,"2011-09-30 00:00:00:000000","1","0"
1,51,1010,"0","CONSERVE DI CARNE     ","CONSERVE DI CARNE     ",3,0,0,0,0,2,"F",1,1,0,0,6,6,102,6,1,"2011-09-30 00:00:00:000000","1","0"
1,52,1010,"0","RICORRENZE NATALE     ","RICORRENZE NATALE     ",4,0,0,0,0,2,"F",1,1,0,0,6,6,102,6,1,"2011-09-30 00:00:00:000000","1","0"
1,53,1010,"0","CONSERVE DI PESCE     ","CONSERVE DI PESCE     ",3,0,0,0,0,2,"F",1,1,0,0,6,6,102,6,1,"2011-09-30 00:00:00:000000","1","0"
1,54,1010,"0","RICORRENZE PASQUA     ","RICORRENZE PASQUA     ",4,0,0,0,0,2,"F",1,1,0,0,6,6,102,6,1,"2011-09-30 00:00:00:000000","1","0"
1,57,1010,"0","SALSE                 ","SALSE                 ",3,0,0,0,0,2,"F",1,1,0,0,6,6,102,6,1,"2011-09-30 00:00:00:000000","1","0"
1,59,1010,"0","CONDIMENTI PRONTI     ","CONDIMENTI PRONTI     ",3,0,0,0,0,2,"F",1,1,0,0,6,6,102,6,1,"2011-09-30 00:00:00:000000","1","0"
1,61,1010,"0","FARINA                ","FARINA                ",2,0,0,0,0,2,"F",1,1,0,0,6,6,102,6,1,"2011-09-30 00:00:00:000000","1","0"
1,63,1010,"0","RISO                  ","RISO                  ",2,0,0,0,0,2,"F",1,1,0,0,6,6,102,6,1,"2011-09-30 00:00:00:000000","1","0"
1,66,1010,"0","INSAPORITORI          ","INSAPORITORI          ",4,0,0,0,0,2,"F",1,1,0,0,6,6,102,6,1,"2011-09-30 00:00:00:000000","0","0"
1,67,1010,"0","ALIMENTI PREPARATI    ","ALIMENTI PREPARATI    ",3,0,0,0,0,2,"F",1,1,0,0,6,6,102,6,1,"2011-09-30 00:00:00:000000","1","0"
1,69,1010,"0","SOSTITUTIVI DEL PANE  ","SOSTITUTIVI DEL PANE  ",2,0,0,0,0,2,"F",1,1,0,0,6,6,102,6,1,"2011-09-30 00:00:00:000000","1","0"
1,131,1010,"0","ALIMENTI PER CANI     ","ALIMENTI PER CANI     ",4,0,0,0,0,2,"F",1,1,0,0,6,6,102,6,1,"2011-09-30 00:00:00:000000","0","0"
1,133,1010,"0","ALIMENTI PER GATTI    ","ALIMENTI PER GATTI    ",4,0,0,0,0,2,"F",1,1,0,0,6,6,102,6,1,"2011-09-30 00:00:00:000000","0","0"
1,135,1010,"0","ACCESSORI CANE        ","ACCESSORI CANE        ",4,0,0,0,0,2,"F",1,1,0,0,6,6,102,6,1,"2011-09-30 00:00:00:000000","0","0"
1,137,1010,"0","ALIM. ALTRI ANIMALI   ","ALIM. ALTRI ANIMALI   ",4,0,0,0,0,2,"F",1,1,0,0,6,6,102,6,1,"2011-09-30 00:00:00:000000","0","0"
1,139,1010,"0","ACCESSORI GATTO       ","ACCESSORI GATTO       ",4,0,0,0,0,2,"F",1,1,0,0,6,6,102,6,1,"2011-09-30 00:00:00:000000","0","0"
1,141,1010,"0","ALIM.ACC.ALTRI ANIM.  ","ALIM.ACC.ALTRI ANIM.  ",4,0,0,0,0,2,"F",1,1,0,0,6,6,102,6,1,"2011-09-30 00:00:00:000000","0","0"
1,525,1010,"0","ACCESSORI ANIMA       ","ACCESSORI ANIMALI     ",4,0,0,0,0,2,"F",1,1,0,0,6,6,102,6,1,"2011-09-30 00:00:00:000000","0","0"
1,36,1010,"0","PREPARATI PRIMA COLAZ ","PREPARATI PRIMA COLAZ ",3,0,0,0,0,2,"F",1,1,0,0,6,6,102,6,1,"2011-09-30 00:00:00:000000","1","0"
1,37,1010,"0","OLIO DI SEMI          ","OLIO DI SEMI          ",2,0,0,0,0,2,"F",1,1,0,0,6,6,102,6,1,"2011-09-30 00:00:00:000000","1","0"
1,38,1010,"0","CEREALI PRIMA COLAZ   ","CEREALI PRIMA COLAZ   ",3,0,0,0,0,2,"F",1,1,0,0,6,6,102,6,1,"2011-09-30 00:00:00:000000","1","0"
1,39,1010,"0","ACETI/ALTRI CONDIMENT ","ACETI/ALTRI CONDIMENT ",3,0,0,0,0,2,"F",1,1,0,0,6,6,102,6,1,"2011-09-30 00:00:00:000000","1","0"
1,43,1010,"0","CONSERVE POMODORO     ","CONSERVE POMODORO     ",2,0,0,0,0,2,"F",1,1,0,0,6,6,102,6,1,"2011-09-30 00:00:00:000000","1","0"
1,81,1013,"0","SPUMANTI              ","SPUMANTI              ",4,0,0,0,0,2,"F",1,1,0,0,6,6,102,6,1,"2011-09-30 00:00:00:000000","0","0"
1,83,1013,"0","APERITIVI             ","APERITIVI             ",4,0,0,0,0,2,"F",1,1,0,0,6,6,102,6,1,"2011-09-30 00:00:00:000000","0","0"
1,85,1013,"0","LIQUORI/DISTILL       ","LIQUORI/DISTILLATI    ",4,0,0,0,0,2,"F",1,1,0,0,6,6,102,6,1,"2011-09-30 00:00:00:000000","0","0"
1,88,1013,"0","CONF. REGALO BEVANDE  ","CONF. REGALO BEVANDE  ",4,0,0,0,0,2,"F",1,1,0,0,6,6,102,6,1,"2011-09-30 00:00:00:000000","0","0"
1,91,1013,"0","DETERG. STOVIGL       ","DETERG. STOVIGLIE     ",4,0,0,0,0,2,"F",1,1,0,0,6,6,102,6,1,"2011-09-30 00:00:00:000000","0","0"
1,93,1013,"0","DETERGENTI SUPE       ","DETERGENTI SUPERFICI  ",4,0,0,0,0,2,"F",1,1,0,0,6,6,102,6,1,"2011-09-30 00:00:00:000000","0","0"
1,94,1013,"0","VINI DA TAVOLA        ","VINI DA TAVOLA        ",4,0,0,0,0,2,"F",1,1,0,0,6,6,102,6,1,"2011-09-30 00:00:00:000000","0","0"
1,96,1013,"0","VINI TIPICI           ","VINI TIPICI           ",4,0,0,0,0,2,"F",1,1,0,0,6,6,102,6,1,"2011-09-30 00:00:00:000000","0","0"
1,108,1013,"0","DETERGENZA TESSUTI    ","DETERGENZA TESSUTI    ",4,0,0,0,0,2,"F",1,1,0,0,6,6,102,6,1,"2011-09-30 00:00:00:000000","0","0"
1,109,1013,"0","IGIENE ORALE          ","IGIENE ORALE          ",4,0,0,0,0,2,"F",1,1,0,0,6,6,102,6,1,"2011-09-30 00:00:00:000000","0","0"
1,110,1013,"0","CURA TESSUTI          ","CURA TESSUTI          ",4,0,0,0,0,2,"F",1,1,0,0,6,6,102,6,1,"2011-09-30 00:00:00:000000","0","0"
1,113,1013,"0","PROD. PER CAPEL       ","PROD. PER CAPELLI     ",4,0,0,0,0,2,"F",1,1,0,0,6,6,102,6,1,"2011-09-30 00:00:00:000000","0","0"
1,116,1013,"0","DEODORANTI AMBIENTI   ","DEODORANTI AMBIENTI   ",4,0,0,0,0,2,"F",1,1,0,0,6,6,102,6,1,"2011-09-30 00:00:00:000000","0","0"
1,117,1013,"0","PROFUMERIA / CO       ","PROFUMERIA / COSMESI/ ",4,0,0,0,0,2,"F",1,1,0,0,6,6,102,6,1,"2011-09-30 00:00:00:000000","0","0"
1,118,1013,"0","INSETTICIDI/REPULSIVI ","INSETTICIDI/REPULSIVI ",4,0,0,0,0,2,"F",1,1,0,0,6,6,102,6,1,"2011-09-30 00:00:00:000000","0","0"
1,119,1013,"0","PRODOTTI BAGNO        ","PRODOTTI BAGNO        ",4,0,0,0,0,2,"F",1,1,0,0,6,6,102,6,1,"2011-09-30 00:00:00:000000","0","0"
1,121,1013,"0","PROD. SANITARI        ","PROD. SANITARI PARAME ",4,0,0,0,0,2,"F",1,1,0,0,6,6,102,6,1,"2011-09-30 00:00:00:000000","0","0"
1,122,1013,"0","TOVAGLIE E TOVAGLIOLI ","TOVAGLIE E TOVAGLIOLI ",4,0,0,0,0,2,"F",1,1,0,0,6,6,102,6,1,"2011-09-30 00:00:00:000000","0","0"
1,123,1013,"0","CARTA IGIENICA        ","CARTA IGIENICA        ",4,0,0,0,0,2,"F",1,1,0,0,6,6,102,6,1,"2011-09-30 00:00:00:000000","0","0"
1,125,1013,"0","INTIMI / ASSORB       ","INTIMI / ASSORBENTI   ",4,0,0,0,0,2,"F",1,1,0,0,6,6,102,6,1,"2011-09-30 00:00:00:000000","0","0"
1,126,1013,"0","ASCIUGATUTTO          ","ASCIUGATUTTO          ",4,0,0,0,0,2,"F",1,1,0,0,6,6,102,6,1,"2011-09-30 00:00:00:000000","0","0"
1,127,1013,"0","PROD.PRIMA INFA       ","PROD.PRIMA INFANZ.    ",4,0,0,0,0,2,"F",1,1,0,0,6,6,102,6,1,"2011-09-30 00:00:00:000000","0","0"
1,71,1013,"0","ACQUE                 ","ACQUE                 ",4,0,0,0,0,2,"F",1,1,0,0,6,6,102,6,1,"2011-09-30 00:00:00:000000","0","0"
1,73,1013,"0","BIBITE                ","BIBITE                ",4,0,0,0,0,2,"F",1,1,0,0,6,6,102,6,1,"2011-09-30 00:00:00:000000","0","0"
1,75,1013,"0","SUCCHI FRUTTA         ","SUCCHI FRUTTA         ",4,0,0,0,0,2,"F",1,1,0,0,6,6,102,6,1,"2011-09-30 00:00:00:000000","1","0"
1,77,1013,"0","BIRRE                 ","BIRRE                 ",4,0,0,0,0,2,"F",1,1,0,0,6,6,102,6,1,"2011-09-30 00:00:00:000000","0","0"
1,80,1013,"0","BEVANDE LEG. ALCOOL.  ","BEVANDE LEG. ALCOOL.  ",4,0,0,0,0,2,"F",1,1,0,0,6,6,102,6,1,"2011-09-30 00:00:00:000000","0","0"
1,389,1013,"0","ALTA PROFUMERIA       ","ALTA PROFUMERIA       ",4,0,0,0,0,2,"F",1,1,0,0,6,6,102,6,1,"2011-09-30 00:00:00:000000","0","0"
1,391,1013,"0","COSMETICI A BAN       ","COSMETICI A BANCO     ",4,0,0,0,0,2,"F",1,1,0,0,6,6,102,6,1,"2011-09-30 00:00:00:000000","0","0"
1,479,1013,"0","USA E GETTA TAV       ","USA E GETTA TAVOLA    ",4,0,0,0,0,2,"F",1,1,0,0,6,6,102,6,1,"2011-09-30 00:00:00:000000","0","0"
1,494,1013,"0","AVVOLGENTI CUCI       ","AVVOLGENTI CUCINA     ",4,0,0,0,0,2,"F",1,1,0,0,6,6,102,6,1,"2011-09-30 00:00:00:000000","0","0"
1,308,1021,"0","BOVINO                ","BOVINO                ",3,0,0,0,0,2,"F",1,1,0,0,6,6,102,6,1,"2011-09-30 00:00:00:000000","1","0"
1,310,1021,"0","SUINO                 ","SUINO                 ",3,0,0,0,0,2,"F",1,1,0,0,6,6,102,6,1,"2011-09-30 00:00:00:000000","1","0"
1,312,1021,"0","OVINO                 ","OVINO                 ",3,0,0,0,0,2,"F",1,1,0,0,6,6,102,6,1,"2011-09-30 00:00:00:000000","1","0"
1,314,1021,"0","EQUINO                ","EQUINO                ",3,0,0,0,0,2,"F",1,1,0,0,6,6,102,6,1,"2011-09-30 00:00:00:000000","1","0"
1,316,1021,"0","ALTRE CARNI ROSSE     ","ALTRE CARNI ROSSE     ",3,0,0,0,0,2,"F",1,1,0,0,6,6,102,6,1,"2011-09-30 00:00:00:000000","1","0"
1,318,1021,"0","ELABORATI CARNI ROSSE ","ELABORATI CARNI ROSSE ",3,0,0,0,0,2,"F",1,1,0,0,6,6,102,6,1,"2011-09-30 00:00:00:000000","1","0"
1,320,1021,"0","ELAB.CAR.ROSS.LAV.EST.","ELAB.CAR.ROSS.LAV.EST.",3,0,0,0,0,2,"F",1,1,0,0,6,6,102,6,1,"2011-09-30 00:00:00:000000","1","0"
1,322,1021,"0","POLLAME               ","POLLAME               ",3,0,0,0,0,2,"F",1,1,0,0,6,6,102,6,1,"2011-09-30 00:00:00:000000","1","0"
1,324,1021,"0","TACCHINO              ","TACCHINO              ",3,0,0,0,0,2,"F",1,1,0,0,6,6,102,6,1,"2011-09-30 00:00:00:000000","1","0"
1,326,1021,"0","CONIGLIO              ","CONIGLIO              ",3,0,0,0,0,2,"F",1,1,0,0,6,6,102,6,1,"2011-09-30 00:00:00:000000","1","0"
1,328,1021,"0","ALTRO AVICUNICOLO     ","ALTRO AVICUNICOLO     ",3,0,0,0,0,2,"F",1,1,0,0,6,6,102,6,1,"2011-09-30 00:00:00:000000","1","0"
1,330,1021,"0","ELABORATI AVICUNICOLO ","ELABORATI AVICUNICOLO ",3,0,0,0,0,2,"F",1,1,0,0,6,6,102,6,1,"2011-09-30 00:00:00:000000","1","0"
1,332,1021,"0","ELAB.AVICUN.LAV.INTERN","ELAB.AVICUN.LAV.INTERN",3,0,0,0,0,2,"F",1,1,0,0,6,6,102,6,1,"2011-09-30 00:00:00:000000","1","0"
1,905,1021,"0","MAT.CONF CARNI ROSSE  ","MAT.CONF CARNI ROSSE  ",4,0,0,0,0,2,"F",1,1,0,0,6,6,102,6,1,"2011-09-30 00:00:00:000000","0","0"
1,906,1021,"0","MAT.CONF CARNI BIANCHE","MAT.CONF CARNI BIANCHE",4,0,0,0,0,2,"F",1,1,0,0,6,6,102,6,1,"2011-09-30 00:00:00:000000","0","0"
1,206,1022,"0","FORMAGG.FRES.SERV.ASS.","FORMAGG.FRES.SERV.ASS.",2,0,0,0,0,2,"F",1,1,0,0,6,6,102,6,1,"2011-09-30 00:00:00:000000","1","0"
1,207,1024,"0","SALUMI PRECOTTI       ","SALUMI PRECOTTI       ",3,0,0,0,0,2,"F",1,1,0,0,6,6,102,6,1,"2012-01-01 06:00:00:000000","1","0"
1,208,1022,"0","FORMAGG.FRES.TAKE AWAY","FORMAGG.FRES.TAKE AWAY",2,0,0,0,0,2,"F",1,1,0,0,6,6,102,6,1,"2011-09-30 00:00:00:000000","1","0"
1,130,1013,"0","SOLARI                ","SOLARI                ",4,0,0,0,0,2,"F",1,1,0,0,6,6,102,6,1,"2011-09-30 00:00:00:000000","0","0"
1,132,1013,"0","TRATTAMENTO CORPO VI. ","TRATTAMENTO CORPO VI. ",4,0,0,0,0,2,"F",1,1,0,0,6,6,102,6,1,"2011-09-30 00:00:00:000000","0","0"
1,136,1013,"0","TRATTAMENTO COSMETI UO","TRATTAMENTO COSEMTI UO",4,0,0,0,0,2,"F",1,1,0,0,6,6,102,6,1,"2011-09-30 00:00:00:000000","0","0"
1,140,1013,"0","CONFEZIONI            ","CONFEZIONI            ",4,0,0,0,0,2,"F",1,1,0,0,6,6,102,6,1,"2011-09-30 00:00:00:000000","0","0"
1,148,1013,"0","COMPLET. IGIENE PERSO.","COMPLET. IGIENE PERSO.",4,0,0,0,0,2,"F",1,1,0,0,6,6,102,6,1,"2011-09-30 00:00:00:000000","0","0"
1,220,1022,"0","SALUMI TRANCI/INT.TA  ","SALUMI TRANCI/INT.TA  ",3,0,0,0,0,2,"F",1,1,0,0,6,6,102,6,1,"2012-01-01 06:00:00:000000","1","0"
1,222,1022,"0","GASTRO.SERV. ASSISTITO","GASTRO.SERV. ASSISTITO",3,0,0,0,0,2,"F",1,1,0,0,6,6,102,6,1,"2011-09-30 00:00:00:000000","1","0"
1,224,1022,"0","GASTRONOMIA TAKE AWAY ","GASTRONOMIA TAKE AWAY ",3,0,0,0,0,2,"F",1,1,0,0,6,6,102,6,1,"2011-09-30 00:00:00:000000","1","0"
1,226,1022,"0","PASTA FRESCA SERV.ASS.","PASTA FRESCA SERV.ASS.",3,0,0,0,0,2,"F",1,1,0,0,6,6,102,6,1,"2011-09-30 00:00:00:000000","1","0"
1,228,1022,"0","PASTA FRESCA TAKE AWAY","PASTA FRESCA TAKE AWAY",3,0,0,0,0,2,"F",1,1,0,0,6,6,102,6,1,"2011-09-30 00:00:00:000000","1","0"
1,911,1022,"0","MAT.CONF GASTRONOMIA  ","MAT.CONF GASTRONOMIA  ",4,0,0,0,0,2,"F",1,1,0,0,6,6,102,6,1,"2011-09-30 00:00:00:000000","0","0"
1,230,1023,"0","ROSTICCERIA           ","ROSTICCERIA           ",3,0,0,0,0,2,"F",1,1,0,0,6,6,102,6,1,"2011-09-30 00:00:00:000000","1","0"
1,232,1023,"0","CUCINA SERV. ASSISTITO","CUCINA SERV. ASSISTITO",3,0,0,0,0,2,"F",1,1,0,0,6,6,102,6,1,"2011-09-30 00:00:00:000000","1","0"
1,234,1023,"0","CUCINA TAKE AWAY      ","CUCINA TAKE AWAY      ",3,0,0,0,0,2,"F",1,1,0,0,6,6,102,6,1,"2011-09-30 00:00:00:000000","1","0"
1,236,1023,"0","MOZZAR.FILATI SERV.ASS","MOZZAR.FILATI SERV.ASS",2,0,0,0,0,2,"F",1,1,0,0,6,6,102,6,1,"2011-09-30 00:00:00:000000","1","0"
1,238,1023,"0","MOZZAR.FILATI TAKEAWAY","MOZZAR.FILATI TAKEAWAY",2,0,0,0,0,2,"F",1,1,0,0,6,6,102,6,1,"2011-09-30 00:00:00:000000","1","0"
1,240,1023,"0","PASTA FRESCA SERV.ASS.","PASTA FRESCA SERV.ASS.",2,0,0,0,0,2,"F",1,1,0,0,6,6,102,6,1,"2011-09-30 00:00:00:000000","1","0"
1,242,1023,"0","PASTA FRESCA TAKE AWAY","PASTA FRESCA TAKE AWAY",2,0,0,0,0,2,"F",1,1,0,0,6,6,102,6,1,"2011-09-30 00:00:00:000000","1","0"
1,244,1023,"0","MATERIE PRIME         ","MATERIE PRIME         ",3,0,0,0,0,2,"F",1,1,0,0,6,6,102,6,1,"2011-09-30 00:00:00:000000","0","0"
1,912,1023,"0","MAT.CONF PROD.GASTRONO","MAT.CONF PROD.GASTRONO",4,0,0,0,0,2,"F",1,1,0,0,6,6,102,6,1,"2011-09-30 00:00:00:000000","0","0"
1,172,1024,"0","YOGURT                ","YOGURT                ",3,0,0,0,0,2,"F",1,1,0,0,6,6,102,6,1,"2011-09-30 00:00:00:000000","1","0"
1,174,1024,"0","DESSERT               ","DESSERT               ",3,0,0,0,0,2,"F",1,1,0,0,6,6,102,6,1,"2011-09-30 00:00:00:000000","1","0"
1,176,1024,"0","BEVANDE FRUTTA        ","BEVANDE FRUTTA        ",4,0,0,0,0,2,"F",1,1,0,0,6,6,102,6,1,"2011-09-30 00:00:00:000000","1","0"
1,178,1024,"0","LATTE                 ","LATTE                 ",2,0,0,0,0,2,"F",1,1,0,0,6,6,102,6,1,"2011-09-30 00:00:00:000000","1","0"
1,180,1024,"0","GRASSI                ","GRASSI                ",2,0,0,0,0,2,"F",1,1,0,0,6,6,102,6,1,"2011-09-30 00:00:00:000000","1","0"
1,182,1024,"0","FORMAGGI FRESCHI      ","FORMAGGI FRESCHI      ",2,0,0,0,0,2,"F",1,1,0,0,6,6,102,6,1,"2011-09-30 00:00:00:000000","1","0"
1,184,1024,"0","FORMAGGI STAGIONATI   ","FORMAGGI STAGIONATI   ",2,0,0,0,0,2,"F",1,1,0,0,6,6,102,6,1,"2011-09-30 00:00:00:000000","1","0"
1,210,1022,"0","FORMAGG.STAG.SERV.ASSI","FORMAGG.STAG.SERV.ASSI",2,0,0,0,0,2,"F",1,1,0,0,6,6,102,6,1,"2011-09-30 00:00:00:000000","1","0"
1,212,1022,"0","FORMAGG.STAG.TAKE AWAY","FORMAGG.STAG.TAKE AWAY",2,0,0,0,0,2,"F",1,1,0,0,6,6,102,6,1,"2011-09-30 00:00:00:000000","1","0"
1,214,1022,"0","GRANA A SERV. ASSIST. ","GRANA A SERV. ASSIST. ",2,0,0,0,0,2,"F",1,1,0,0,6,6,102,6,1,"2011-09-30 00:00:00:000000","1","0"
1,216,1022,"0","GRANA TAKE AWAY       ","GRANA TAKE AWAY       ",2,0,0,0,0,2,"F",1,1,0,0,6,6,102,6,1,"2011-09-30 00:00:00:000000","1","0"
1,218,1022,"0","SALUMI A SERV. ASSIST.","SALUMI A SERV. ASSIST.",3,0,0,0,0,2,"F",1,1,0,0,6,6,102,6,1,"2011-09-30 00:00:00:000000","1","0"
1,194,1024,"0","PASTA FRESCA          ","PASTA FRESCA          ",3,0,0,0,0,2,"F",1,1,0,0,6,6,102,6,1,"2011-09-30 00:00:00:000000","1","0"
1,196,1024,"0","CONDIMENTI            ","CONDIMENTI            ",3,0,0,0,0,2,"F",1,1,0,0,6,6,102,6,1,"2011-09-30 00:00:00:000000","1","0"
1,198,1024,"0","GASTRO. PIATTI PRONTI ","GASTRO. PIATTI PRONTI ",3,0,0,0,0,2,"F",1,1,0,0,6,6,102,6,1,"2011-09-30 00:00:00:000000","1","0"
1,200,1024,"0","GASTRONOMIA PESCE     ","GASTRONOMIA PESCE     ",3,0,0,0,0,2,"F",1,1,0,0,6,6,102,6,1,"2011-09-30 00:00:00:000000","1","0"
1,202,1024,"0","GASTRO. BASE FARINA   ","GASTRO. BASE FARINA   ",3,0,0,0,0,2,"F",1,1,0,0,6,6,102,6,1,"2011-09-30 00:00:00:000000","1","0"
1,204,1024,"0","RICORRENZE            ","RICORRENZE            ",4,0,0,0,0,2,"F",1,1,0,0,6,6,102,6,1,"2011-09-30 00:00:00:000000","1","0"
1,170,1025,"0","CONGELATO SFUSO       ","CONGELATO SFUSO       ",3,0,0,0,0,2,"F",1,1,0,0,6,6,102,6,1,"2011-09-30 00:00:00:000000","1","0"
1,179,1025,"0","SURGELATI VEGETALI    ","SURGELATI VEGETALI    ",2,0,0,0,0,2,"F",1,1,0,0,6,6,102,6,1,"2011-09-30 00:00:00:000000","1","0"
1,181,1025,"0","SURGELATI PESCE       ","SURGELATI PESCE       ",3,0,0,0,0,2,"F",1,1,0,0,6,6,102,6,1,"2011-09-30 00:00:00:000000","1","0"
1,183,1025,"0","SURGELATI CARNE       ","SURGELATI CARNE       ",3,0,0,0,0,2,"F",1,1,0,0,6,6,102,6,1,"2011-09-30 00:00:00:000000","1","0"
1,185,1025,"0","BASE FARINA           ","BASE FARINA           ",3,0,0,0,0,2,"F",1,1,0,0,6,6,102,6,1,"2011-09-30 00:00:00:000000","1","0"
1,187,1025,"0","GELATI                ","GELATI                ",3,0,0,0,0,2,"F",1,1,0,0,6,6,102,6,1,"2011-09-30 00:00:00:000000","1","0"
1,189,1025,"0","PIATTI PRONTI SURGEL. ","PIATTI PRONTI SURGEL. ",3,0,0,0,0,2,"F",1,1,0,0,6,6,102,6,1,"2011-09-30 00:00:00:000000","1","0"
1,246,1026,"0","MELE                  ","MELE                  ",2,0,0,0,0,2,"F",1,1,0,0,6,6,102,6,1,"2011-09-30 00:00:00:000000","1","0"
1,248,1026,"0","PERE                  ","PERE                  ",2,0,0,0,0,2,"F",1,1,0,0,6,6,102,6,1,"2011-09-30 00:00:00:000000","1","0"
1,250,1026,"0","FRUTTA CON NOCCIOLO   ","FRUTTA CON NOCCIOLO   ",2,0,0,0,0,2,"F",1,1,0,0,6,6,102,6,1,"2011-09-30 00:00:00:000000","1","0"
1,252,1026,"0","FRAGOLE/FRUT.DI BOSCO ","FRAGOLE/FRUT.DI BOSCO ",2,0,0,0,0,2,"F",1,1,0,0,6,6,102,6,1,"2011-09-30 00:00:00:000000","1","0"
1,254,1026,"0","COCOMERI MELONI       ","COCOMERI MELONI       ",2,0,0,0,0,2,"F",1,1,0,0,6,6,102,6,1,"2011-09-30 00:00:00:000000","1","0"
1,256,1026,"0","UVA                   ","UVA                   ",2,0,0,0,0,2,"F",1,1,0,0,6,6,102,6,1,"2011-09-30 00:00:00:000000","1","0"
1,258,1026,"0","AGRUMI                ","AGRUMI                ",2,0,0,0,0,2,"F",1,1,0,0,6,6,102,6,1,"2011-09-30 00:00:00:000000","1","0"
1,260,1026,"0","BANANE                ","BANANE                ",2,0,0,0,0,2,"F",1,1,0,0,6,6,102,6,1,"2011-09-30 00:00:00:000000","1","0"
1,262,1026,"0","KIWI                  ","KIWI                  ",2,0,0,0,0,2,"F",1,1,0,0,6,6,102,6,1,"2011-09-30 00:00:00:000000","1","0"
1,186,1024,"0","FORMAGGI FUSI         ","FORMAGGI FUSI         ",2,0,0,0,0,2,"F",1,1,0,0,6,6,102,6,1,"2011-09-30 00:00:00:000000","1","0"
1,188,1024,"0","GRANA LIBERO SERVIZIO ","GRANA LIBERO SERVIZIO ",2,0,0,0,0,2,"F",1,1,0,0,6,6,102,6,1,"2011-09-30 00:00:00:000000","1","0"
1,190,1024,"0","SALUMI LIBERO SERVIZIO","SALUMI LIBERO SERVIZIO",3,0,0,0,0,2,"F",1,1,0,0,6,6,102,6,1,"2011-09-30 00:00:00:000000","1","0"
1,192,1024,"0","UOVA                  ","UOVA                  ",3,0,0,0,0,2,"F",1,1,0,0,6,6,102,6,1,"2011-09-30 00:00:00:000000","1","0"
1,193,1024,"0","WURSTEL               ","WURSTEL               ",3,0,0,0,0,2,"F",1,1,0,0,6,6,102,6,1,"2011-09-30 00:00:00:000000","1","0"
1,274,1026,"0","FRUTTA ESSIC./DISIDR. ","FRUTTA ESSIC./DISIDR. ",3,0,0,0,0,2,"F",1,1,0,0,6,6,102,6,1,"2011-09-30 00:00:00:000000","1","0"
1,276,1026,"0","CONFEZIONI REGALO     ","CONFEZIONI REGALO     ",3,0,0,0,0,2,"F",1,1,0,0,6,6,102,6,1,"2011-09-30 00:00:00:000000","1","0"
1,278,1026,"0","INSALATE              ","INSALATE              ",2,0,0,0,0,2,"F",1,1,0,0,6,6,102,6,1,"2011-09-30 00:00:00:000000","1","0"
1,280,1026,"0","RADICCHI              ","RADICCHI              ",2,0,0,0,0,2,"F",1,1,0,0,6,6,102,6,1,"2011-09-30 00:00:00:000000","1","0"
1,282,1026,"0","VERDURE FOGLIA        ","VERDURE FOGLIA        ",2,0,0,0,0,2,"F",1,1,0,0,6,6,102,6,1,"2011-09-30 00:00:00:000000","1","0"
1,284,1026,"0","ALTRE VERDURE         ","ALTRE VERDURE         ",2,0,0,0,0,2,"F",1,1,0,0,6,6,102,6,1,"2011-09-30 00:00:00:000000","1","0"
1,286,1026,"0","POMODORI              ","POMODORI              ",2,0,0,0,0,2,"F",1,1,0,0,6,6,102,6,1,"2011-09-30 00:00:00:000000","1","0"
1,288,1026,"0","PATATE                ","PATATE                ",2,0,0,0,0,2,"F",1,1,0,0,6,6,102,6,1,"2011-09-30 00:00:00:000000","1","0"
1,290,1026,"0","ALTRI ORTAGGI         ","ALTRI ORTAGGI         ",2,0,0,0,0,2,"F",1,1,0,0,6,6,102,6,1,"2011-09-30 00:00:00:000000","1","0"
1,292,1026,"0","CIPOLLE E AGLIO       ","CIPOLLE E AGLIO       ",2,0,0,0,0,2,"F",1,1,0,0,6,6,102,6,1,"2011-09-30 00:00:00:000000","1","0"
1,294,1026,"0","AROM.FRES.PIANT.CONSUM","AROM.FRES.PIANT.CONSUM",2,0,0,0,0,2,"F",1,1,0,0,6,6,102,6,1,"2011-09-30 00:00:00:000000","1","0"
1,296,1026,"0","FUNGHI                ","FUNGHI                ",2,0,0,0,0,2,"F",1,1,0,0,6,6,102,6,1,"2011-09-30 00:00:00:000000","1","0"
1,298,1026,"0","VERD.PREP.PROD.ESTERNA","VERD.PREP.PROD.ESTERNA",3,0,0,0,0,2,"F",1,1,0,0,6,6,102,6,1,"2011-09-30 00:00:00:000000","1","0"
1,300,1026,"0","VERD.PREP.PROD.INTERNA","VERD.PREP.PROD.INTERNA",3,0,0,0,0,2,"F",1,1,0,0,6,6,102,6,1,"2011-09-30 00:00:00:000000","1","0"
1,302,1026,"0","OLIVE                 ","OLIVE                 ",2,0,0,0,0,2,"F",1,1,0,0,6,6,102,6,1,"2011-09-30 00:00:00:000000","1","0"
1,304,1026,"0","LEGUMI FRESCHI        ","LEGUMI FRESCHI        ",2,0,0,0,0,2,"F",1,1,0,0,6,6,102,6,1,"2011-09-30 00:00:00:000000","1","0"
1,306,1026,"0","VERD.LEG.CER.AROM.SEC.","VERD.LEG.CER.AROM.SEC.",3,0,0,0,0,2,"F",1,1,0,0,6,6,102,6,1,"2011-09-30 00:00:00:000000","1","0"
1,908,1026,"0","MAT.CONF ORTOFRUTTA   ","MAT.CONF ORTOFRUTTA   ",4,0,0,0,0,2,"F",1,1,0,0,6,6,102,6,1,"2011-09-30 00:00:00:000000","0","0"
1,334,1027,"0","INTERO/EVISCERATO     ","INTERO/EVISCERATO     ",3,0,0,0,0,2,"F",1,1,0,0,6,6,102,6,1,"2011-09-30 00:00:00:000000","1","0"
1,336,1027,"0","TRANCI/FILETTI        ","TRANCI/FILETTI        ",3,0,0,0,0,2,"F",1,1,0,0,6,6,102,6,1,"2011-09-30 00:00:00:000000","1","0"
1,338,1027,"0","MOLLAME               ","MOLLAME               ",3,0,0,0,0,2,"F",1,1,0,0,6,6,102,6,1,"2011-09-30 00:00:00:000000","1","0"
1,340,1027,"0","CROSTACEI             ","CROSTACEI             ",3,0,0,0,0,2,"F",1,1,0,0,6,6,102,6,1,"2011-09-30 00:00:00:000000","1","0"
1,264,1026,"0","FRUTTA ESOTICA        ","FRUTTA ESOTICA        ",2,0,0,0,0,2,"F",1,1,0,0,6,6,102,6,1,"2011-09-30 00:00:00:000000","1","0"
1,266,1026,"0","ALTRA FRUTTA FRESCA   ","ALTRA FRUTTA FRESCA   ",2,0,0,0,0,2,"F",1,1,0,0,6,6,102,6,1,"2011-09-30 00:00:00:000000","1","0"
1,268,1026,"0","FRUTTA PREP.PROD.INT. ","FRUTTA PREP.PROD.INT. ",2,0,0,0,0,2,"F",1,1,0,0,6,6,102,6,1,"2011-09-30 00:00:00:000000","1","0"
1,270,1026,"0","FRUTTA PREP.PROD.EST. ","FRUTTA PREP.PROD.EST. ",2,0,0,0,0,2,"F",1,1,0,0,6,6,102,6,1,"2011-09-30 00:00:00:000000","1","0"
1,272,1026,"0","FRUTTA SECCA          ","FRUTTA SECCA          ",3,0,0,0,0,2,"F",1,1,0,0,6,6,102,6,1,"2011-09-30 00:00:00:000000","1","0"
1,191,1028,"0","PANE PROD. ESTERNA    ","PANE PROD. ESTERNA    ",2,0,0,0,0,2,"F",1,1,0,0,6,6,102,6,1,"2011-09-30 00:00:00:000000","1","0"
1,195,1028,"0","SOST.PANE PROD. ESTER.","SOST.PANE PROD. ESTER.",2,0,0,0,0,2,"F",1,1,0,0,6,6,102,6,1,"2011-09-30 00:00:00:000000","1","0"
1,199,1028,"0","SPEC.BASE PANE PROD.ES","SPEC.BASE PANE PROD.ES",3,0,0,0,0,2,"F",1,1,0,0,6,6,102,6,1,"2011-09-30 00:00:00:000000","1","0"
1,203,1028,"0","MATERIE PRIME PANE    ","MATERIE PRIME PANE    ",2,0,0,0,0,2,"F",1,1,0,0,6,6,102,6,1,"2011-09-30 00:00:00:000000","1","0"
1,205,1028,"0","PASTICC.PRODUZ.ESTERNA","PASTICC.PRODUZ.ESTERNA",3,0,0,0,0,2,"F",1,1,0,0,6,6,102,6,1,"2011-09-30 00:00:00:000000","1","0"
1,209,1028,"0","MATERIE PRIME PASTICC.","MATERIE PRIME PASTICC.",3,0,0,0,0,2,"F",1,1,0,0,6,6,102,6,1,"2011-09-30 00:00:00:000000","0","0"
1,352,1028,"0","SOST.PANE PROD.INTERNA","SOST.PANE PROD.INTERNA",2,0,0,0,0,2,"F",1,1,0,0,6,6,102,6,1,"2011-09-30 00:00:00:000000","1","0"
1,370,1028,"0","BAR                   ","BAR                   ",3,0,0,0,0,2,"F",1,1,0,0,6,6,102,6,1,"2011-09-30 00:00:00:000000","1","0"
1,372,1028,"0","PASTICCERIA BAR       ","PASTICCERIA BAR       ",3,0,0,0,0,2,"F",1,1,0,0,6,6,102,6,1,"2011-09-30 00:00:00:000000","1","0"
1,374,1028,"0","GELATERIA             ","GELATERIA             ",3,0,0,0,0,2,"F",1,1,0,0,6,6,102,6,1,"2011-09-30 00:00:00:000000","1","0"
1,376,1028,"0","PANINERIA PIZZERIA    ","PANINERIA PIZZERIA    ",3,0,0,0,0,2,"F",1,1,0,0,6,6,102,6,1,"2011-09-30 00:00:00:000000","1","0"
1,378,1028,"0","PIATTI PRONTI         ","PIATTI PRONTI         ",3,0,0,0,0,2,"F",1,1,0,0,6,6,102,6,1,"2011-09-30 00:00:00:000000","1","0"
1,380,1028,"0","MATERIE PRIMO RISTORO ","MATERIE PRIMO RISTORO ",3,0,0,0,0,2,"F",1,1,0,0,6,6,102,6,1,"2011-09-30 00:00:00:000000","1","0"
1,869,1028,"0","PANE PROD. INTERNA    ","PANE PROD. INTERNA    ",2,0,0,0,0,2,"F",1,1,0,0,6,6,102,6,1,"2011-09-30 00:00:00:000000","1","0"
1,873,1028,"0","SPEC.BASE PANE PROD.IN","SPEC.BASE PANE PROD.IN",3,0,0,0,0,2,"F",1,1,0,0,6,6,102,6,1,"2011-09-30 00:00:00:000000","1","0"
1,879,1028,"0","PASTICCERIA PROD.INTER","PASTICCERIA PROD.INTER",3,0,0,0,0,2,"F",1,1,0,0,6,6,102,6,1,"2011-09-30 00:00:00:000000","1","0"
1,902,1028,"0","MAT.CONF PANE         ","MAT.CONF PANE         ",4,0,0,0,0,2,"F",1,1,0,0,6,6,102,6,1,"2011-09-30 00:00:00:000000","0","0"
1,301,1030,"0","INTIMO GIORNO DONNA   ","INTIMO GIORNO DONNA   ",4,0,0,0,0,2,"F",1,1,0,0,6,6,102,6,1,"2011-09-30 00:00:00:000000","0","0"
1,303,1030,"0","INTIMO NOTTE DONNA    ","INTIMO NOTTE DONNA    ",4,0,0,0,0,2,"F",1,1,0,0,6,6,102,6,1,"2011-09-30 00:00:00:000000","0","0"
1,305,1030,"0","CALZETTERIA DONNA     ","CALZETTERIA DONNA     ",4,0,0,0,0,2,"F",1,1,0,0,6,6,102,6,1,"2011-09-30 00:00:00:000000","0","0"
1,307,1030,"0","MAGLIERIA ESTERNA DONN","MAGLIERIA ESTERNA DONN",4,0,0,0,0,2,"F",1,1,0,0,6,6,102,6,1,"2011-09-30 00:00:00:000000","0","0"
1,309,1030,"0","GONNE DONNA           ","GONNE DONNA           ",4,0,0,0,0,2,"F",1,1,0,0,6,6,102,6,1,"2011-09-30 00:00:00:000000","0","0"
1,342,1027,"0","GUSCIAME              ","GUSCIAME              ",3,0,0,0,0,2,"F",1,1,0,0,6,6,102,6,1,"2011-09-30 00:00:00:000000","1","0"
1,344,1027,"0","ELABORATO PREPARATO   ","ELABORATO PREPARATO   ",3,0,0,0,0,2,"F",1,1,0,0,6,6,102,6,1,"2011-09-30 00:00:00:000000","1","0"
1,346,1027,"0","ELAB.PREP.LAV.INTERNA ","ELAB.PREP.LAV.INTERNA ",3,0,0,0,0,2,"F",1,1,0,0,6,6,102,6,1,"2011-09-30 00:00:00:000000","1","0"
1,348,1027,"0","COTTURA PESCE         ","COTTURA PESCE         ",3,0,0,0,0,2,"F",1,1,0,0,6,6,102,6,1,"2011-09-30 00:00:00:000000","1","0"
1,907,1027,"0","MAT.CONF PESCE        ","MAT.CONF PESCE        ",4,0,0,0,0,2,"F",1,1,0,0,6,6,102,6,1,"2011-09-30 00:00:00:000000","0","0"
1,321,1030,"0","INTIMO GIORNO UOMO    ","INTIMO GIORNO UOMO    ",4,0,0,0,0,2,"F",1,1,0,0,6,6,102,6,1,"2011-09-30 00:00:00:000000","0","0"
1,323,1030,"0","INTIMO NOTTE UOMO     ","INTIMO NOTTE UOMO     ",4,0,0,0,0,2,"F",1,1,0,0,6,6,102,6,1,"2011-09-30 00:00:00:000000","0","0"
1,325,1030,"0","CALZETTERIA UOMO      ","CALZETTERIA UOMO      ",4,0,0,0,0,2,"F",1,1,0,0,6,6,102,6,1,"2011-09-30 00:00:00:000000","0","0"
1,327,1030,"0","MAGLIERIA ESTERNA UOMO","MAGLIERIA ESTERNA UOMO",4,0,0,0,0,2,"F",1,1,0,0,6,6,102,6,1,"2011-09-30 00:00:00:000000","0","0"
1,329,1030,"0","PANTALONI UOMO        ","PANTALONI UOMO        ",4,0,0,0,0,2,"F",1,1,0,0,6,6,102,6,1,"2011-09-30 00:00:00:000000","0","0"
1,331,1030,"0","CAMICERIA UOMO        ","CAMICERIA UOMO        ",4,0,0,0,0,2,"F",1,1,0,0,6,6,102,6,1,"2011-09-30 00:00:00:000000","0","0"
1,333,1030,"0","CAPI SPALLA UOMO      ","CAPI SPALLA UOMO      ",4,0,0,0,0,2,"F",1,1,0,0,6,6,102,6,1,"2011-09-30 00:00:00:000000","0","0"
1,335,1030,"0","ABB.TO LAVORO/UOMO    ","ABB.TO LAVORO/UOMO    ",4,0,0,0,0,2,"F",1,1,0,0,6,6,102,6,1,"2011-09-30 00:00:00:000000","0","0"
1,337,1030,"0","ACCESSORI ABBIG.UOMO  ","ACCESSORI ABBIG.UOMO  ",4,0,0,0,0,2,"F",1,1,0,0,6,6,102,6,1,"2011-09-30 00:00:00:000000","0","0"
1,339,1030,"0","INTIMO GIORNO 3       ","INTIMO GIORNO 3-12 BA ",4,0,0,0,0,2,"F",1,1,0,0,6,6,102,6,1,"2011-09-30 00:00:00:000000","0","0"
1,341,1030,"0","INTIMO NOTTE 3-       ","INTIMO NOTTE 3-12 BAM ",4,0,0,0,0,2,"F",1,1,0,0,6,6,102,6,1,"2011-09-30 00:00:00:000000","0","0"
1,343,1030,"0","CALZETTERIA 3-1       ","CALZETTERIA 3-12 BAMB ",4,0,0,0,0,2,"F",1,1,0,0,6,6,102,6,1,"2011-09-30 00:00:00:000000","0","0"
1,353,1030,"0","ACCESS. ABB.TO        ","ACCESS. ABB.TO 3-12 B ",4,0,0,0,0,2,"F",1,1,0,0,6,6,102,6,1,"2011-09-30 00:00:00:000000","0","0"
1,355,1030,"0","GREMBIULI BAMBI       ","GREMBIULI BAMBINI     ",4,0,0,0,0,2,"F",1,1,0,0,6,6,102,6,1,"2011-09-30 00:00:00:000000","0","0"
1,357,1030,"0","INTIMO NEONATO        ","INTIMO NEONATO 0-24 M ",4,0,0,0,0,2,"F",1,1,0,0,6,6,102,6,1,"2011-09-30 00:00:00:000000","0","0"
1,359,1030,"0","CALZETTERIA 0-2       ","CALZETTERIA 0-24 MESI ",4,0,0,0,0,2,"F",1,1,0,0,6,6,102,6,1,"2011-09-30 00:00:00:000000","0","0"
1,363,1030,"0","PICC. PUERICULT       ","PICC. PUERICULTURA    ",4,0,0,0,0,2,"F",1,1,0,0,6,6,102,6,1,"2011-09-30 00:00:00:000000","0","0"
1,365,1030,"0","GRANDE PUERICUL       ","GRANDE PUERICULTURA   ",4,0,0,0,0,2,"F",1,1,0,0,6,6,102,6,1,"2011-09-30 00:00:00:000000","0","0"
1,367,1030,"0","TUTE/ABB.TO SPO       ","TUTE/ABB.TO SPORT     ",4,0,0,0,0,2,"F",1,1,0,0,6,6,102,6,1,"2011-09-30 00:00:00:000000","0","0"
1,369,1030,"0","ABB.TO SCI            ","ABB.TO SCI            ",4,0,0,0,0,2,"F",1,1,0,0,6,6,102,6,1,"2011-09-30 00:00:00:000000","0","0"
1,373,1030,"0","CALZATURE SPORT       ","CALZATURE SPORTIVE BI ",4,0,0,0,0,2,"F",1,1,0,0,6,6,102,6,1,"2011-09-30 00:00:00:000000","0","0"
1,375,1030,"0","CALZATURE SPORT       ","CALZATURE SPORTIVE DO ",4,0,0,0,0,2,"F",1,1,0,0,6,6,102,6,1,"2011-09-30 00:00:00:000000","0","0"
1,311,1030,"0","CAMICIE DONNA         ","CAMICIE DONNA         ",4,0,0,0,0,2,"F",1,1,0,0,6,6,102,6,1,"2011-09-30 00:00:00:000000","0","0"
1,313,1030,"0","ABITI/COORDINATI DONNA","ABITI/COORDINATI DONNA",4,0,0,0,0,2,"F",1,1,0,0,6,6,102,6,1,"2011-09-30 00:00:00:000000","0","0"
1,315,1030,"0","PANTALONI DONNA       ","PANTALONI DONNA       ",4,0,0,0,0,2,"F",1,1,0,0,6,6,102,6,1,"2011-09-30 00:00:00:000000","0","0"
1,317,1030,"0","CAPI SPALLA DONNA     ","CAPI SPALLA DONNA     ",4,0,0,0,0,2,"F",1,1,0,0,6,6,102,6,1,"2011-09-30 00:00:00:000000","0","0"
1,319,1030,"0","ACCESS. ABBIGL. DONNA ","ACCESS. ABBIGL. DONNA ",4,0,0,0,0,2,"F",1,1,0,0,6,6,102,6,1,"2011-09-30 00:00:00:000000","0","0"
1,387,1030,"0","PELLETTERIA E O       ","PELLETTERIA E OMBRELL ",4,0,0,0,0,2,"F",1,1,0,0,6,6,102,6,1,"2011-09-30 00:00:00:000000","0","0"
1,393,1030,"0","GIOIELLERIA           ","GIOIELLERIA           ",4,0,0,0,0,2,"F",1,1,0,0,6,6,102,6,1,"2011-09-30 00:00:00:000000","0","0"
1,395,1030,"0","PANTOFOLE BIMBO       ","PANTOFOLE BIMBO/A     ",4,0,0,0,0,2,"F",1,1,0,0,6,6,102,6,1,"2011-09-30 00:00:00:000000","0","0"
1,397,1030,"0","PANTOFOLE DONNA       ","PANTOFOLE DONNA       ",4,0,0,0,0,2,"F",1,1,0,0,6,6,102,6,1,"2011-09-30 00:00:00:000000","0","0"
1,399,1030,"0","PANTOFOLE UOMO        ","PANTOFOLE UOMO        ",4,0,0,0,0,2,"F",1,1,0,0,6,6,102,6,1,"2011-09-30 00:00:00:000000","0","0"
1,401,1030,"0","CALZATURE BIMBO       ","CALZATURE BIMBO       ",4,0,0,0,0,2,"F",1,1,0,0,6,6,102,6,1,"2011-09-30 00:00:00:000000","0","0"
1,403,1030,"0","CALZATURE DONNA       ","CALZATURE DONNA       ",4,0,0,0,0,2,"F",1,1,0,0,6,6,102,6,1,"2011-09-30 00:00:00:000000","0","0"
1,405,1030,"0","CALZATURE UOMO        ","CALZATURE UOMO        ",4,0,0,0,0,2,"F",1,1,0,0,6,6,102,6,1,"2011-09-30 00:00:00:000000","0","0"
1,407,1030,"0","CIABATTE MARE E       ","CIABATTE MARE E ZOCCO ",4,0,0,0,0,2,"F",1,1,0,0,6,6,102,6,1,"2011-09-30 00:00:00:000000","0","0"
1,409,1030,"0","ACCESSORI CALZA       ","ACCESSORI CALZATURE   ",4,0,0,0,0,2,"F",1,1,0,0,6,6,102,6,1,"2011-09-30 00:00:00:000000","0","0"
1,424,1030,"0","INTIMO NOTTE NEONATO  ","INTIMO NOTTE NEONATO  ",4,0,0,0,0,2,"F",1,1,0,0,6,6,102,6,1,"2011-09-30 00:00:00:000000","0","0"
1,432,1030,"0","ABB.TO ESTERNO NEONATO","ABB.TO ESTERNO NEONATO",4,0,0,0,0,2,"F",1,1,0,0,6,6,102,6,1,"2011-09-30 00:00:00:000000","0","0"
1,434,1030,"0","ABB.TO ESTERNO NEONATA","ABB.TO ESTERNO NEONATA",4,0,0,0,0,2,"F",1,1,0,0,6,6,102,6,1,"2011-09-30 00:00:00:000000","0","0"
1,436,1030,"0","ABB.TO ESTERNO BIMBO  ","ABB.TO ESTERNO BIMBO  ",4,0,0,0,0,2,"F",1,1,0,0,6,6,102,6,1,"2011-09-30 00:00:00:000000","0","0"
1,438,1030,"0","ABB.TO ESTERNO BIMBA  ","ABB.TO ESTERNO BIMBA  ",4,0,0,0,0,2,"F",1,1,0,0,6,6,102,6,1,"2011-09-30 00:00:00:000000","0","0"
1,452,1030,"0","CALZE SPORTIVE        ","CALZE SPORTIVE        ",4,0,0,0,0,2,"F",1,1,0,0,6,6,102,6,1,"2011-09-30 00:00:00:000000","0","0"
1,603,1030,"0","OROLOGI               ","OROLOGI               ",4,0,0,0,0,2,"F",1,1,0,0,6,6,102,6,1,"2011-09-30 00:00:00:000000","0","0"
1,913,1030,"0","MAT.CONF PERSONA      ","MAT.CONF PERSONA      ",4,0,0,0,0,2,"F",1,1,0,0,6,6,102,6,1,"2011-09-30 00:00:00:000000","0","0"
1,411,1033,"0","BAGNO TESSILE         ","BAGNO TESSILE         ",4,0,0,0,0,2,"F",1,1,0,0,6,6,102,6,1,"2011-09-30 00:00:00:000000","0","0"
1,413,1033,"0","CUCINA TESSILE        ","CUCINA TESSILE        ",4,0,0,0,0,2,"F",1,1,0,0,6,6,102,6,1,"2011-09-30 00:00:00:000000","0","0"
1,415,1033,"0","TAVOLA TESSILE        ","TAVOLA TESSILE        ",4,0,0,0,0,2,"F",1,1,0,0,6,6,102,6,1,"2011-09-30 00:00:00:000000","0","0"
1,417,1033,"0","LENZUOLA              ","LENZUOLA              ",4,0,0,0,0,2,"F",1,1,0,0,6,6,102,6,1,"2011-09-30 00:00:00:000000","0","0"
1,377,1030,"0","CALZATURE SPORT       ","CALZATURE SPORTIVE UO ",4,0,0,0,0,2,"F",1,1,0,0,6,6,102,6,1,"2011-09-30 00:00:00:000000","0","0"
1,379,1030,"0","MARE BIMBI            ","MARE BIMBI            ",4,0,0,0,0,2,"F",1,1,0,0,6,6,102,6,1,"2011-09-30 00:00:00:000000","0","0"
1,381,1030,"0","MARE DONNA            ","MARE DONNA            ",4,0,0,0,0,2,"F",1,1,0,0,6,6,102,6,1,"2011-09-30 00:00:00:000000","0","0"
1,383,1030,"0","MARE UOMO             ","MARE UOMO             ",4,0,0,0,0,2,"F",1,1,0,0,6,6,102,6,1,"2011-09-30 00:00:00:000000","0","0"
1,385,1030,"0","ACCESSORI MARE        ","ACCESSORI MARE        ",4,0,0,0,0,2,"F",1,1,0,0,6,6,102,6,1,"2011-09-30 00:00:00:000000","0","0"
1,473,1033,"0","COMPLEMENTI TAV       ","COMPLEMENTI TAVOLA    ",4,0,0,0,0,2,"F",1,1,0,0,6,6,102,6,1,"2011-09-30 00:00:00:000000","0","0"
1,475,1033,"0","POSATERIA             ","POSATERIA             ",4,0,0,0,0,2,"F",1,1,0,0,6,6,102,6,1,"2011-09-30 00:00:00:000000","0","0"
1,477,1033,"0","TAZZE E COMPLEM       ","TAZZE E COMPLEMENTI   ",4,0,0,0,0,2,"F",1,1,0,0,6,6,102,6,1,"2011-09-30 00:00:00:000000","0","0"
1,481,1033,"0","COTTURA SERIE         ","COTTURA SERIE         ",4,0,0,0,0,2,"F",1,1,0,0,6,6,102,6,1,"2011-09-30 00:00:00:000000","0","0"
1,483,1033,"0","COTTURA VARIE         ","COTTURA VARIE         ",4,0,0,0,0,2,"F",1,1,0,0,6,6,102,6,1,"2011-09-30 00:00:00:000000","0","0"
1,485,1033,"0","COTTURA A FORNO       ","COTTURA A FORNO       ",4,0,0,0,0,2,"F",1,1,0,0,6,6,102,6,1,"2011-09-30 00:00:00:000000","0","0"
1,487,1033,"0","PREPARAZIONE CI       ","PREPARAZIONE CIBI     ",4,0,0,0,0,2,"F",1,1,0,0,6,6,102,6,1,"2011-09-30 00:00:00:000000","0","0"
1,489,1033,"0","ACCESSORI CUCIN       ","ACCESSORI CUCINA      ",4,0,0,0,0,2,"F",1,1,0,0,6,6,102,6,1,"2011-09-30 00:00:00:000000","0","0"
1,491,1033,"0","ACCESSORI ENOTECA     ","ACCESSORI ENOTECA     ",4,0,0,0,0,2,"F",1,1,0,0,6,6,102,6,1,"2011-09-30 00:00:00:000000","0","0"
1,493,1033,"0","CONSERVAZIONE CUCINA  ","CONSERVAZIONE CUCINA  ",4,0,0,0,0,2,"F",1,1,0,0,6,6,102,6,1,"2011-09-30 00:00:00:000000","0","0"
1,496,1013,"0","ACCESSORI PULIZIA CAS ","ACCESSORI PULIZIA CAS ",4,0,0,0,0,2,"F",1,1,0,0,6,6,102,6,1,"2012-01-01 06:00:00:000000","0","0"
1,497,1033,"0","BAGNO CASA ARRE       ","BAGNO CASA ARREDO     ",4,0,0,0,0,2,"F",1,1,0,0,6,6,102,6,1,"2011-09-30 00:00:00:000000","0","0"
1,499,1033,"0","MOBILI                ","MOBILI                ",4,0,0,0,0,2,"F",1,1,0,0,6,6,102,6,1,"2011-09-30 00:00:00:000000","0","0"
1,501,1033,"0","TAPPETI CASA AR       ","TAPPETI CASA ARREDO   ",4,0,0,0,0,2,"F",1,1,0,0,6,6,102,6,1,"2011-09-30 00:00:00:000000","0","0"
1,502,1033,"0","CANDELE ED ESSENZE    ","CANDELE ED ESSENZE    ",4,0,0,0,0,2,"F",1,1,0,0,6,6,102,6,1,"2011-09-30 00:00:00:000000","0","0"
1,505,1033,"0","ILLUMINAZIONE         ","ILLUMINAZIONE         ",4,0,0,0,0,2,"F",1,1,0,0,6,6,102,6,1,"2011-09-30 00:00:00:000000","0","0"
1,534,1033,"0","RETI E MATERASSI      ","RETI E MATERASSI      ",4,0,0,0,0,2,"F",1,1,0,0,6,6,102,6,1,"2011-09-30 00:00:00:000000","0","0"
1,538,1033,"0","COMPLEMENTI D'INTERNO ","COMPLEMENTI D'INTERNO ",4,0,0,0,0,2,"F",1,1,0,0,6,6,102,6,1,"2011-09-30 00:00:00:000000","0","0"
1,545,1033,"0","ADDOBBO NATALIZ       ","ADDOBBO NATALIZIO     ",4,0,0,0,0,2,"F",1,1,0,0,6,6,102,6,1,"2011-09-30 00:00:00:000000","0","0"
1,546,1033,"0","PULIZIA SERVIZIO      ","PULIZIA SERVIZIO      ",4,0,0,0,0,2,"F",1,1,0,0,6,6,102,6,1,"2011-09-30 00:00:00:000000","0","0"
1,547,1035,"0","CONTENITORI SCU       ","CONTENITORI SCUOLA    ",4,0,0,0,0,2,"F",1,1,0,0,6,6,102,6,1,"2011-09-30 00:00:00:000000","0","0"
1,548,1033,"0","STENDERE              ","STENDERE              ",4,0,0,0,0,2,"F",1,1,0,0,6,6,102,6,1,"2011-09-30 00:00:00:000000","0","0"
1,419,1033,"0","COPERTE PLAID T       ","COPERTE PLAID TRAP. P ",4,0,0,0,0,2,"F",1,1,0,0,6,6,102,6,1,"2011-09-30 00:00:00:000000","0","0"
1,421,1033,"0","ACCESSORI LETTO       ","ACCESSORI LETTO       ",4,0,0,0,0,2,"F",1,1,0,0,6,6,102,6,1,"2011-09-30 00:00:00:000000","0","0"
1,423,1033,"0","ACCESSORI TESSI       ","ACCESSORI TESSILE CAS ",4,0,0,0,0,2,"F",1,1,0,0,6,6,102,6,1,"2011-09-30 00:00:00:000000","0","0"
1,469,1033,"0","PIATTI                ","PIATTI                ",4,0,0,0,0,2,"F",1,1,0,0,6,6,102,6,1,"2011-09-30 00:00:00:000000","0","0"
1,471,1033,"0","BICCHIERI             ","BICCHIERI             ",4,0,0,0,0,2,"F",1,1,0,0,6,6,102,6,1,"2011-09-30 00:00:00:000000","0","0"
1,555,1035,"0","SCRITTURA             ","SCRITTURA             ",4,0,0,0,0,2,"F",1,1,0,0,6,6,102,6,1,"2011-09-30 00:00:00:000000","0","0"
1,557,1035,"0","CARTA PER UFFIC       ","CARTA PER UFFICIO     ",4,0,0,0,0,2,"F",1,1,0,0,6,6,102,6,1,"2011-09-30 00:00:00:000000","0","0"
1,559,1035,"0","ACCESSORI PER U       ","ACCESSORI PER UFFICIO ",4,0,0,0,0,2,"F",1,1,0,0,6,6,102,6,1,"2011-09-30 00:00:00:000000","0","0"
1,561,1035,"0","CONTENITORI DI        ","CONTENITORI DI IMMAGI ",4,0,0,0,0,2,"F",1,1,0,0,6,6,102,6,1,"2011-09-30 00:00:00:000000","0","0"
1,666,1035,"0","BELLE ARTI            ","BELLE ARTI            ",4,0,0,0,0,2,"F",1,1,0,0,6,6,102,6,1,"2011-09-30 00:00:00:000000","0","0"
1,425,1035,"0","FERRAMENTA            ","FERRAMENTA            ",4,0,0,0,0,2,"F",1,1,0,0,6,6,102,6,1,"2011-09-30 00:00:00:000000","0","0"
1,427,1035,"0","UTENSILERIA MAN       ","UTENSILERIA MANUALE   ",4,0,0,0,0,2,"F",1,1,0,0,6,6,102,6,1,"2011-09-30 00:00:00:000000","0","0"
1,428,1035,"0","SICUREZZA             ","SICUREZZA             ",4,0,0,0,0,2,"F",1,1,0,0,6,6,102,6,1,"2011-09-30 00:00:00:000000","0","0"
1,429,1035,"0","ATTREZZI ELETTR       ","ATTREZZI ELETTRICI    ",4,0,0,0,0,2,"F",1,1,0,0,6,6,102,6,1,"2011-09-30 00:00:00:000000","0","0"
1,431,1035,"0","ELETTRICITA'          ","ELETTRICITA'          ",4,0,0,0,0,2,"F",1,1,0,0,6,6,102,6,1,"2011-09-30 00:00:00:000000","0","0"
1,433,1035,"0","LAMPADE               ","LAMPADE               ",4,0,0,0,0,2,"F",1,1,0,0,6,6,102,6,1,"2011-09-30 00:00:00:000000","0","0"
1,435,1035,"0","PILE                  ","PILE                  ",4,0,0,0,0,2,"F",1,1,0,0,6,6,102,6,1,"2011-09-30 00:00:00:000000","0","0"
1,437,1035,"0","MANUTENZIONE          ","MANUTENZIONE          ",4,0,0,0,0,2,"F",1,1,0,0,6,6,102,6,1,"2011-09-30 00:00:00:000000","0","0"
1,439,1035,"0","DECORAZIONE           ","DECORAZIONE           ",4,0,0,0,0,2,"F",1,1,0,0,6,6,102,6,1,"2011-09-30 00:00:00:000000","0","0"
1,441,1035,"0","RIPARAZIONE/RIC       ","RIPARAZIONE/RICAMBI   ",4,0,0,0,0,2,"F",1,1,0,0,6,6,102,6,1,"2011-09-30 00:00:00:000000","0","0"
1,444,1035,"0","CAMINETTO/RISCALDAMENT","CAMINETTO/RISCALDAMENT",4,0,0,0,0,2,"F",1,1,0,0,6,6,102,6,1,"2011-09-30 00:00:00:000000","0","0"
1,445,1035,"0","PRODOTTI PER MA       ","PRODOTTI PER MANUT.NE ",4,0,0,0,0,2,"F",1,1,0,0,6,6,102,6,1,"2011-09-30 00:00:00:000000","0","0"
1,447,1035,"0","RICAMBI/ATTREZZ       ","RICAMBI/ATTREZZI AUTO ",4,0,0,0,0,2,"F",1,1,0,0,6,6,102,6,1,"2011-09-30 00:00:00:000000","0","0"
1,449,1035,"0","ACCESSORI AUTO        ","ACCESSORI AUTO        ",4,0,0,0,0,2,"F",1,1,0,0,6,6,102,6,1,"2011-09-30 00:00:00:000000","0","0"
1,451,1035,"0","PULIZIA AUTO          ","PULIZIA AUTO          ",4,0,0,0,0,2,"F",1,1,0,0,6,6,102,6,1,"2011-09-30 00:00:00:000000","0","0"
1,453,1035,"0","SICUREZZA AUTO        ","SICUREZZA AUTO        ",4,0,0,0,0,2,"F",1,1,0,0,6,6,102,6,1,"2011-09-30 00:00:00:000000","0","0"
1,455,1035,"0","ACCESSORI ESTER       ","ACCESSORI ESTERNI AUT ",4,0,0,0,0,2,"F",1,1,0,0,6,6,102,6,1,"2011-09-30 00:00:00:000000","0","0"
1,549,1035,"0","CARTA                 ","CARTA                 ",4,0,0,0,0,2,"F",1,1,0,0,6,6,102,6,1,"2011-09-30 00:00:00:000000","0","0"
1,550,1033,"0","STIRARE               ","STIRARE               ",4,0,0,0,0,2,"F",1,1,0,0,6,6,102,6,1,"2011-09-30 00:00:00:000000","0","0"
1,551,1035,"0","CARTA RICORRENZ       ","CARTA RICORRENZE      ",4,0,0,0,0,2,"F",1,1,0,0,6,6,102,6,1,"2011-09-30 00:00:00:000000","0","0"
1,552,1033,"0","RIPORRE               ","RIPORRE               ",4,0,0,0,0,2,"F",1,1,0,0,6,6,102,6,1,"2011-09-30 00:00:00:000000","0","0"
1,553,1035,"0","MATERIALI PER D       ","MATERIALI PER DISEGNO ",4,0,0,0,0,2,"F",1,1,0,0,6,6,102,6,1,"2011-09-30 00:00:00:000000","0","0"
1,507,1035,"0","CAMPING               ","CAMPING               ",4,0,0,0,0,2,"F",1,1,0,0,6,6,102,6,1,"2011-09-30 00:00:00:000000","0","0"
1,509,1035,"0","PIC NIC               ","PIC NIC               ",4,0,0,0,0,2,"F",1,1,0,0,6,6,102,6,1,"2011-09-30 00:00:00:000000","0","0"
1,511,1035,"0","GIARD./TERRAZZO       ","GIARD./TERRAZZO TEMPO ",4,0,0,0,0,2,"F",1,1,0,0,6,6,102,6,1,"2011-09-30 00:00:00:000000","0","0"
1,515,1035,"0","ATTREZ. PALESTR       ","ATTREZ. PALESTRA      ",4,0,0,0,0,2,"F",1,1,0,0,6,6,102,6,1,"2011-09-30 00:00:00:000000","0","0"
1,517,1035,"0","ATTREZZ. ALTRI        ","ATTREZZ. ALTRI SPORT  ",4,0,0,0,0,2,"F",1,1,0,0,6,6,102,6,1,"2011-09-30 00:00:00:000000","0","0"
1,518,1035,"0","ARTICOLI WELLNESS     ","ARTICOLI WELLNESS     ",4,0,0,0,0,2,"F",1,1,0,0,6,6,102,6,1,"2011-09-30 00:00:00:000000","0","0"
1,519,1035,"0","CACCIA E PESCA        ","CACCIA E PESCA        ",4,0,0,0,0,2,"F",1,1,0,0,6,6,102,6,1,"2011-09-30 00:00:00:000000","0","0"
1,523,1035,"0","VIAGGIO               ","VIAGGIO               ",4,0,0,0,0,2,"F",1,1,0,0,6,6,102,6,1,"2011-09-30 00:00:00:000000","0","0"
1,527,1035,"0","INFANZIA E PRESCOLARE ","INFANZIA E PRESCOLARE ",4,0,0,0,0,2,"F",1,1,0,0,6,6,102,6,1,"2011-09-30 00:00:00:000000","0","0"
1,529,1035,"0","PELOUCHE              ","PELOUCHE              ",4,0,0,0,0,2,"F",1,1,0,0,6,6,102,6,1,"2011-09-30 00:00:00:000000","0","0"
1,531,1035,"0","COSTRUZIONI           ","COSTRUZIONI           ",4,0,0,0,0,2,"F",1,1,0,0,6,6,102,6,1,"2011-09-30 00:00:00:000000","0","0"
1,533,1035,"0","GIOCHI DI GRUPP       ","GIOCHI DI GRUPPO      ",4,0,0,0,0,2,"F",1,1,0,0,6,6,102,6,1,"2011-09-30 00:00:00:000000","0","0"
1,535,1035,"0","BAMBINA GIOCATT       ","BAMBINA GIOCATTOLO    ",4,0,0,0,0,2,"F",1,1,0,0,6,6,102,6,1,"2011-09-30 00:00:00:000000","0","0"
1,537,1035,"0","BAMBINO GIOCATT       ","BAMBINO GIOCATTOLO    ",4,0,0,0,0,2,"F",1,1,0,0,6,6,102,6,1,"2011-09-30 00:00:00:000000","0","0"
1,539,1035,"0","LOCOMOZIONE GIO       ","LOCOMOZIONE GIOCATTOL ",4,0,0,0,0,2,"F",1,1,0,0,6,6,102,6,1,"2011-09-30 00:00:00:000000","0","0"
1,541,1035,"0","MARE/SPIAGGIA G       ","MARE/SPIAGGIA GIOCATT ",4,0,0,0,0,2,"F",1,1,0,0,6,6,102,6,1,"2011-09-30 00:00:00:000000","0","0"
1,568,1035,"0","RIPONIMENTO / SCALE   ","RIPONIMENTO / SCALE   ",4,0,0,0,0,2,"F",1,1,0,0,6,6,102,6,1,"2011-09-30 00:00:00:000000","0","0"
1,574,1035,"0","PRODOTTI EST./INV.    ","PRODOTTI EST./INV.    ",4,0,0,0,0,2,"F",1,1,0,0,6,6,102,6,1,"2011-09-30 00:00:00:000000","0","0"
1,596,1035,"0","GONFIABILI E NAUTICA  ","GONFIABILI E NAUTICA  ",4,0,0,0,0,2,"F",1,1,0,0,6,6,102,6,1,"2011-09-30 00:00:00:000000","0","0"
1,600,1035,"0","BICICLETTE            ","BICICLETTE            ",4,0,0,0,0,2,"F",1,1,0,0,6,6,102,6,1,"2011-09-30 00:00:00:000000","0","0"
1,602,1035,"0","ACCESSORI CICLI       ","ACCESSORI CICLI       ",4,0,0,0,0,2,"F",1,1,0,0,6,6,102,6,1,"2011-09-30 00:00:00:000000","0","0"
1,608,1035,"0","MOTO                  ","MOTO                  ",4,0,0,0,0,2,"F",1,1,0,0,6,6,102,6,1,"2011-09-30 00:00:00:000000","0","0"
1,459,1035,"0","ATTREZZI MOTORE       ","ATTREZZI MOTORE       ",4,0,0,0,0,2,"F",1,1,0,0,6,6,102,6,1,"2011-09-30 00:00:00:000000","0","0"
1,461,1035,"0","UTENSILI GIARDI       ","UTENSILI GIARDINAGGIO ",4,0,0,0,0,2,"F",1,1,0,0,6,6,102,6,1,"2011-09-30 00:00:00:000000","0","0"
1,463,1035,"0","PRODOTTI CHIMIC       ","PRODOTTI CHIMICI/NUTR ",4,0,0,0,0,2,"F",1,1,0,0,6,6,102,6,1,"2011-09-30 00:00:00:000000","0","0"
1,465,1035,"0","CONTENITORI GIA       ","CONTENITORI GIARDINAG ",4,0,0,0,0,2,"F",1,1,0,0,6,6,102,6,1,"2011-09-30 00:00:00:000000","0","0"
1,467,1035,"0","IRRIGAZIONE           ","IRRIGAZIONE           ",4,0,0,0,0,2,"F",1,1,0,0,6,6,102,6,1,"2011-09-30 00:00:00:000000","0","0"
1,667,1035,"0","GADGET                ","GADGET                ",4,0,0,0,0,2,"F",1,1,0,0,6,6,102,6,1,"2011-09-30 00:00:00:000000","0","0"
1,953,1035,"0","TESTI SCOLASTICI      ","TESTI SCOLASTICI      ",0,0,0,0,0,2,"F",1,1,0,0,6,6,102,6,1,"2011-09-30 00:00:00:000000","0","0"
1,543,1037,"0","GIOCHI CONSOLLE       ","GIOCHI CONSOLLE       ",4,0,0,0,0,2,"F",1,1,0,0,6,6,102,6,1,"2011-09-30 00:00:00:000000","0","0"
1,563,1037,"0","LETTURA               ","LETTURA               ",0,0,0,0,0,2,"F",1,1,0,0,6,6,102,6,1,"2011-09-30 00:00:00:000000","0","0"
1,565,1035,"0","ASCOLTO               ","ASCOLTO               ",4,0,0,0,0,2,"F",1,1,0,0,6,6,102,6,1,"2011-09-30 00:00:00:000000","0","0"
1,567,1035,"0","VISIONE               ","VISIONE               ",4,0,0,0,0,2,"F",1,1,0,0,6,6,102,6,1,"2011-09-30 00:00:00:000000","0","0"
1,569,1037,"0","COMPUTER              ","COMPUTER              ",4,0,0,0,0,2,"F",1,1,0,0,6,6,102,6,1,"2011-09-30 00:00:00:000000","0","0"
1,571,1037,"0","SOFTWARE              ","SOFTWARE              ",4,0,0,0,0,2,"F",1,1,0,0,6,6,102,6,1,"2011-09-30 00:00:00:000000","0","0"
1,573,1037,"0","STAMPANTI             ","STAMPANTI             ",4,0,0,0,0,2,"F",1,1,0,0,6,6,102,6,1,"2011-09-30 00:00:00:000000","0","0"
1,575,1037,"0","PERIFERICHE           ","PERIFERICHE           ",4,0,0,0,0,2,"F",1,1,0,0,6,6,102,6,1,"2011-09-30 00:00:00:000000","0","0"
1,577,1037,"0","ACCESSORI INFOR       ","ACCESSORI INFORMATICI ",4,0,0,0,0,2,"F",1,1,0,0,6,6,102,6,1,"2011-09-30 00:00:00:000000","0","0"
1,599,1037,"0","FOTO                  ","FOTO                  ",4,0,0,0,0,2,"F",1,1,0,0,6,6,102,6,1,"2011-09-30 00:00:00:000000","0","0"
1,601,1037,"0","OTTICA                ","OTTICA                ",4,0,0,0,0,2,"F",1,1,0,0,6,6,102,6,1,"2011-09-30 00:00:00:000000","0","0"
1,710,1037,"0","TELEFONI CELLULARI    ","TELEFONI CELLULARI    ",4,0,0,0,0,2,"F",1,1,0,0,6,6,102,6,1,"2011-09-30 00:00:00:000000","0","0"
1,712,1037,"0","TELEFONI ABITAZIONE   ","TELEFONI ABITAZIONE   ",4,0,0,0,0,2,"F",1,1,0,0,6,6,102,6,1,"2011-09-30 00:00:00:000000","0","0"
1,714,1037,"0","ACCESSORI             ","ACCESSORI             ",4,0,0,0,0,2,"F",1,1,0,0,6,6,102,6,1,"2011-09-30 00:00:00:000000","0","0"
1,736,1037,"0","SVILUPPO FOTO         ","SVILUPPO FOTO         ",4,0,0,0,0,2,"F",1,1,0,0,6,6,102,6,1,"2011-09-30 00:00:00:000000","0","0"
1,738,1037,"0","SERVIZI TELEFONICI    ","SERVIZI TELEFONICI    ",4,0,0,0,0,2,"F",1,1,0,0,6,6,102,6,1,"2011-09-30 00:00:00:000000","0","0"
1,740,1037,"0","SERVIZI TV            ","SERVIZI TV            ",4,0,0,0,0,2,"F",1,1,0,0,6,6,102,6,1,"2011-09-30 00:00:00:000000","0","0"
1,581,1038,"0","HIFI SUONO            ","HIFI SUONO            ",4,0,0,0,0,2,"F",1,1,0,0,6,6,102,6,1,"2011-09-30 00:00:00:000000","0","0"
1,583,1038,"0","PICCOLO SUONO         ","PICCOLO SUONO         ",4,0,0,0,0,2,"F",1,1,0,0,6,6,102,6,1,"2011-09-30 00:00:00:000000","0","0"
1,585,1038,"0","SUONO AUTO            ","SUONO AUTO            ",4,0,0,0,0,2,"F",1,1,0,0,6,6,102,6,1,"2011-09-30 00:00:00:000000","0","0"
1,622,1035,"0","PIANTE DA ESTERNO     ","PIANTE DA ESTERNO     ",4,0,0,0,0,2,"F",1,1,0,0,6,6,102,6,1,"2011-09-30 00:00:00:000000","0","0"
1,624,1035,"0","PIANTE DA INTERNO     ","PIANTE DA INTERNO     ",4,0,0,0,0,2,"F",1,1,0,0,6,6,102,6,1,"2011-09-30 00:00:00:000000","0","0"
1,626,1035,"0","SEMI E BULBI          ","SEMI E BULBI          ",4,0,0,0,0,2,"F",1,1,0,0,6,6,102,6,1,"2011-09-30 00:00:00:000000","0","0"
1,628,1035,"0","FIORI RECISI          ","FIORI RECISI          ",4,0,0,0,0,2,"F",1,1,0,0,6,6,102,6,1,"2011-09-30 00:00:00:000000","0","0"
1,656,1035,"0","CARNEVALE/CAPODANNO   ","CARNEVALE CAPODANNO   ",4,0,0,0,0,2,"F",1,1,0,0,6,6,102,6,1,"2011-09-30 00:00:00:000000","0","0"
1,607,1038,"0","COTTURA PED           ","COTTURA PED           ",4,0,0,0,0,2,"F",1,1,0,0,6,6,102,6,1,"2011-09-30 00:00:00:000000","0","0"
1,609,1038,"0","CUCINA PED            ","CUCINA PED            ",4,0,0,0,0,2,"F",1,1,0,0,6,6,102,6,1,"2011-09-30 00:00:00:000000","0","0"
1,611,1038,"0","PULIZIA PED           ","PULIZIA PED           ",4,0,0,0,0,2,"F",1,1,0,0,6,6,102,6,1,"2011-09-30 00:00:00:000000","0","0"
1,613,1038,"0","CURA D. PERSONA       ","CURA D. PERSONA PED   ",4,0,0,0,0,2,"F",1,1,0,0,6,6,102,6,1,"2011-09-30 00:00:00:000000","0","0"
1,615,1038,"0","SARTORIA PED          ","SARTORIA PED          ",4,0,0,0,0,2,"F",1,1,0,0,6,6,102,6,1,"2011-09-30 00:00:00:000000","0","0"
1,617,1038,"0","CONDIZIONAMENTO       ","CONDIZIONAMENTO       ",4,0,0,0,0,2,"F",1,1,0,0,6,6,102,6,1,"2011-09-30 00:00:00:000000","0","0"
1,619,1038,"0","LAVAGGIO              ","LAVAGGIO              ",4,0,0,0,0,2,"F",1,1,0,0,6,6,102,6,1,"2011-09-30 00:00:00:000000","0","0"
1,621,1038,"0","CONSERVAZIONE G       ","CONSERVAZIONE GED     ",4,0,0,0,0,2,"F",1,1,0,0,6,6,102,6,1,"2011-09-30 00:00:00:000000","0","0"
1,623,1038,"0","COTTURA GED           ","COTTURA GED           ",4,0,0,0,0,2,"F",1,1,0,0,6,6,102,6,1,"2011-09-30 00:00:00:000000","0","0"
1,625,1038,"0","INCASSO GED           ","INCASSO GED           ",4,0,0,0,0,2,"F",1,1,0,0,6,6,102,6,1,"2011-09-30 00:00:00:000000","0","0"
1,702,1038,"0","PERIFERICHE TV        ","PERIFERICHE TV        ",4,0,0,0,0,2,"F",1,1,0,0,6,6,102,6,1,"2011-09-30 00:00:00:000000","0","0"
1,997,1039,"0","COLLEZIONAMENTO BOLLIN","COLLEZIONAMENTO BOLLIN",4,0,0,0,0,2,"F",1,1,0,0,6,6,102,6,1,"2011-09-30 00:00:00:000000","0","0"
1,998,1039,"0","COLLEZIONAMENTO       ","COLLEZIONAMENTO       ",4,0,0,0,0,2,"F",1,1,0,0,6,6,102,6,1,"2011-09-30 00:00:00:000000","0","0"
1,742,1040,"0","VENDITA BIGLIETTI     ","VENDITA BIGLIETTI     ",4,0,0,0,0,2,"F",1,1,0,0,6,6,102,6,1,"2011-09-30 00:00:00:000000","0","0"
1,744,1040,"0","CONSEGNE A DOMICILIO  ","CONSEGNE A DOMICILIO  ",4,0,0,0,0,2,"F",1,1,0,0,6,6,102,6,1,"2011-09-30 00:00:00:000000","0","0"
1,746,1040,"0","ESTENSIONE GARANZIA   ","ESTENSIONE GARANZIA   ",4,0,0,0,0,2,"F",1,1,0,0,6,6,102,6,1,"2011-09-30 00:00:00:000000","0","0"
1,895,1040,"0","POSTVENDITA           ","POSTVENDITA           ",4,0,0,0,0,2,"F",1,1,0,0,6,6,102,6,1,"2011-09-30 00:00:00:000000","0","0"
1,750,1045,"0","PRECONFEZIONAMENTO    ","PRECONFEZIONAMENTO    ",4,0,0,0,0,2,"F",1,1,0,0,6,6,102,6,1,"2011-09-30 00:00:00:000000","0","0"
1,751,1045,"0","MATERIALI IMBALLO     ","MATERIALI IMBALLO     ",4,0,0,0,0,2,"F",1,1,0,0,6,6,102,6,1,"2011-09-30 00:00:00:000000","0","0"
1,752,1045,"0","VUOTI BEVANDE         ","VUOTI BEVANDE         ",0,0,0,0,0,2,"F",1,1,0,0,6,6,102,6,1,"2011-09-30 00:00:00:000000","0","0"
1,753,1045,"0","MATERIALI VARI        ","MATERIALI VARI        ",4,0,0,0,0,2,"F",1,1,0,0,6,6,102,6,1,"2011-09-30 00:00:00:000000","0","0"
1,754,1045,"0","CONTENITORI SPESA     ","CONTENITORI SPESA     ",4,0,0,0,0,2,"F",1,1,0,0,6,6,102,6,1,"2011-09-30 00:00:00:000000","0","0"
1,587,1038,"0","STRUMENTI MUSIC       ","STRUMENTI MUSICALI    ",4,0,0,0,0,2,"F",1,1,0,0,6,6,102,6,1,"2011-09-30 00:00:00:000000","0","0"
1,589,1038,"0","ACCESSORI SUONO       ","ACCESSORI SUONO       ",4,0,0,0,0,2,"F",1,1,0,0,6,6,102,6,1,"2011-09-30 00:00:00:000000","0","0"
1,591,1038,"0","TV                    ","TV                    ",4,0,0,0,0,2,"F",1,1,0,0,6,6,102,6,1,"2011-09-30 00:00:00:000000","0","0"
1,595,1038,"0","VIDEOCAMERE           ","VIDEOCAMERE           ",4,0,0,0,0,2,"F",1,1,0,0,6,6,102,6,1,"2011-09-30 00:00:00:000000","0","0"
1,597,1038,"0","ACCESSORI TV/VI       ","ACCESSORI TV/VIDEO    ",4,0,0,0,0,2,"F",1,1,0,0,6,6,102,6,1,"2011-09-30 00:00:00:000000","0","0"
1,888,1045,"0","NON DEFINITO          ","NON DEFINITO          ",4,0,0,0,0,2,"F",1,1,0,0,6,6,102,6,1,"2011-09-30 00:00:00:000000","0","0"
1,990,1045,"0","COUPON                ","COUPON                ",0,0,0,0,0,2,"F",1,1,0,0,6,6,102,6,1,"2011-09-30 00:00:00:000000","0","0"
1,994,1045,"0","BUONI SCONTO          ","BUONI SCONTO          ",0,0,0,0,0,2,"F",1,1,0,0,6,6,102,6,1,"2011-09-30 00:00:00:000000","0","0"
1,996,1045,"0","BUONI SOLIDARIETA     ","BUONI SOLIDARIETA     ",0,0,0,0,0,2,"F",1,1,0,0,0,0,0,0,1,"2011-09-30 00:00:00:000000","0","0"
1,760,1070,"0","OTC/SOP","OTC/SOP",3,0,0,0,0,2,"F",0,0,0,0,0,0,0,0,1,"2011-09-30 00:00:00:000000","0","0"
1,761,1070,"0","OMEOPATICI","OMEOPATICI",3,0,0,0,0,2,"F",0,0,0,0,0,0,0,0,1,"2011-09-30 00:00:00:000000","0","0"
1,762,1070,"0","INFANZIA              ","INFANZIA              ",4,0,0,0,0,2,"F",1,1,0,0,6,6,102,6,1,"2011-09-30 00:00:00:000000","0","0"
1,763,1070,"0","VETERINARI","VETERINARI",3,0,0,0,0,2,"F",0,0,0,0,0,0,0,0,1,"2011-09-30 00:00:00:000000","0","0"
1,764,1070,"0","INT.ALIMENTARI        ","INT.ALIMENTARI        ",4,0,0,0,0,2,"F",1,1,0,0,6,6,102,6,1,"2011-09-30 00:00:00:000000","0","0"
1,765,1070,"0","FITOTERAPIA           ","FITOTERAPIA           ",3,0,0,0,0,2,"F",1,1,0,0,6,6,102,6,1,"2011-09-30 00:00:00:000000","0","0"
1,766,1070,"0","GALENICI              ","GALENICI              ",3,0,0,0,0,2,"F",1,1,0,0,6,6,102,6,1,"2011-09-30 00:00:00:000000","0","0"
1,767,1070,"0","CERT.SPECIALI         ","CERT.SPECIALI         ",4,0,0,0,0,2,"F",1,1,0,0,6,6,102,6,1,"2011-09-30 00:00:00:000000","0","0"
1,768,1070,"0","DIANG/ACC.SANITARI    ","DIANG/ACC.SANITARI    ",2,0,0,0,0,2,"F",1,1,0,0,6,6,102,6,1,"2011-09-30 00:00:00:000000","0","0"
1,769,1070,"0","OTTICA                ","OTTICA                ",4,0,0,0,0,2,"F",1,1,0,0,6,6,102,6,1,"2011-09-30 00:00:00:000000","0","0"
1,770,1070,"0","PROD.ANTIDEC/SANITARI ","PROD.ANTIDEC/SANITARI ",4,0,0,0,0,2,"F",1,1,0,0,6,6,102,6,1,"2011-09-30 00:00:00:000000","0","0"
1,771,1070,"0","DERMO COSMETICA       ","DERMO COSMETICA       ",4,0,0,0,0,2,"F",1,1,0,0,6,6,102,6,1,"2011-09-30 00:00:00:000000","0","0"
1,772,1070,"0","IGIENE PERSONALE      ","IGIENE PERSONALE      ",4,0,0,0,0,2,"F",1,1,0,0,6,6,102,6,1,"2011-09-30 00:00:00:000000","0","0"
1,773,1070,"0","IGIENE ORALE          ","IGIENE ORALE          ",4,0,0,0,0,2,"F",1,1,0,0,6,6,102,6,1,"2011-09-30 00:00:00:000000","0","0"
1,774,1070,"0","PRODOTTI PER CAPELLI  ","PRODOTTI PER CAPELLI  ",4,0,0,0,0,2,"F",1,1,0,0,6,6,102,6,1,"2011-09-30 00:00:00:000000","0","0"
1,775,1070,"0","ALIMENTI INFANZIA     ","ALIMENTI INFANZIA     ",4,0,0,0,0,2,"F",1,1,0,0,6,6,102,6,1,"2011-09-30 00:00:00:000000","0","0"
1,780,1070,"0","TEST AUTODIAGN.SALUTE ","TEST AUTODIAGN.SALUTE ",4,0,0,0,0,2,"F",1,1,0,0,6,6,102,6,1,"2011-09-30 00:00:00:000000","0","0"
1,781,1070,"0","TEST AUTODIAGN.BENESS ","TEST AUTODIAGN.BENESS ",4,0,0,0,0,2,"F",1,1,0,0,6,6,102,6,1,"2011-09-30 00:00:00:000000","0","0"
1,755,1045,"0","VUOTI SETTORI DIVERSI ","VUOTI SETTORI DIVERSI ",0,0,0,0,0,2,"F",1,1,0,0,6,6,102,6,1,"2011-09-30 00:00:00:000000","0","0"
1,799,1045,"0","SERVIZI               ","SERVIZI               ",0,0,0,0,0,2,"F",1,1,0,0,0,0,0,0,1,"2011-09-30 00:00:00:000000","0","0"
1,801,1045,"0","BOLLETTE              ","BOLLETTE              ",0,0,0,0,0,2,"F",1,1,0,0,0,0,0,0,1,"2011-09-30 00:00:00:000000","0","0"
1,803,1045,"0","CARTE SOLIDARIETA     ","CARTE SOLIDARIETA     ",0,0,0,0,0,2,"F",1,1,0,0,0,0,0,0,1,"2011-09-30 00:00:00:000000","0","0"
1,805,1045,"0","CARTE PREPAGATE       ","CARTE PREPAGATE       ",0,0,0,0,0,2,"F",1,1,0,0,0,0,0,0,1,"2011-09-30 00:00:00:000000","0","0"
1,782,1070,"0","PRENOTAZIONI          ","PRENOTAZIONI          ",4,0,0,0,0,2,"F",1,1,0,0,6,6,102,6,1,"2011-09-30 00:00:00:000000","0","0"
1,783,1070,"0","CONVENZIONI           ","CONVENZIONI           ",4,0,0,0,0,2,"F",1,1,0,0,6,6,102,6,1,"2011-09-30 00:00:00:000000","0","0"
1,784,1070,"0","NOLEGGIO              ","NOLEGGIO              ",4,0,0,0,0,2,"F",1,1,0,0,6,6,102,6,1,"2011-09-30 00:00:00:000000","0","0"
1,785,1070,"0","PROD.CONSUM./MAT.PRIME","PROD.CONSUM./MAT.PRIME",4,0,0,0,0,2,"F",1,1,0,0,6,6,102,6,1,"2011-09-30 00:00:00:000000","0","0"
1,917,1070,"0","MAT.CONF.FARMACEUTICO ","MAT.CONF.FARMACEUTICO ",4,0,0,0,0,2,"F",1,1,0,0,6,6,102,6,1,"2011-09-30 00:00:00:000000","0","0"
1,221,1022,"0","SALUMI AFFET.TAKE AWAY","SALUMI AFFET.TAKE AWAY",3,0,0,0,0,2,"F",1,1,0,0,6,6,102,6,1,"2011-12-28 07:00:00:000000","1","0"
1,345,1027,"0","CONSERVATO ","CONSERVATO ",3,0,0,0,0,2,"F",1,1,0,0,6,6,102,6,1,"2011-12-28 07:00:00:000000","1","0"
1,349,1027,"0","DECONGELATO/CONGELATO ","DECONGELATO/CONGELATO ",3,0,0,0,0,2,"F",1,1,0,0,6,6,102,6,1,"2011-12-28 07:00:00:000000","1","0"
1,350,1027,"0","CONFEZIONATO DA FORN. ","CONFEZIONATO DA FORN. ",3,0,0,0,0,2,"F",1,1,0,0,6,6,102,6,1,"2011-12-28 07:00:00:000000","1","0"
1,351,1027,"0","CONFEZIONATO DA PDV ","CONFEZIONATO DA PDV ",3,0,0,0,0,2,"F",1,1,0,0,6,6,102,6,1,"2011-12-28 07:00:00:000000","1","0"
1,457,1035,"0","MANUTENZIONE MOTO ","MANUTENZIONE MOTO ",4,0,0,0,0,2,"F",1,1,0,0,6,6,102,6,1,"2011-12-28 07:00:00:000000","0","0"
1,460,1035,"0","ACCESSORI GIARDINAGGIO","ACCESSORI GIARDINAGGIO",4,0,0,0,0,2,"F",1,1,0,0,6,6,102,6,1,"2011-12-28 07:00:00:000000","0","0"
1,462,1035,"0","PNEUMATICI ","PNEUMATICI ",4,0,0,0,0,2,"F",1,1,0,0,6,6,102,6,1,"2011-12-28 07:00:00:000000","0","0"
1,598,1035,"0","MARE ","MARE ",4,0,0,0,0,2,"F",1,1,0,0,6,6,102,6,1,"2011-12-28 07:00:00:000000","0","0"
1,630,1035,"0","LETTURA ADULTI ","LETTURA ADULTI ",0,0,0,0,0,2,"F",1,1,0,0,6,6,102,6,1,"2011-12-28 07:00:00:000000","0","0"
1,631,1035,"0","LETTURA BAMBINO ","LETTURA BAMBINO ",0,0,0,0,0,2,"F",1,1,0,0,6,6,102,6,1,"2011-12-28 07:00:00:000000","0","0"
1,632,1035,"0","MANUALISTICA ","LETTURA MANUALISTICA ",0,0,0,0,0,2,"F",1,1,0,0,6,6,102,6,1,"2011-12-28 07:00:00:000000","0","0"
1,633,1035,"0","DIDATTICA ","DIDATTICA ",0,0,0,0,0,2,"F",1,1,0,0,6,6,102,6,1,"2011-12-28 07:00:00:000000","0","0"
1,634,1035,"0","TASCABILE ","TASCABILE ",0,0,0,0,0,2,"F",1,1,0,0,6,6,102,6,1,"2011-12-28 07:00:00:000000","0","0"
1,635,1035,"0","LETTURA PROMOZIONALE ","LETTURA PROMOZIONALE ",0,0,0,0,0,2,"F",1,1,0,0,6,6,102,6,1,"2011-12-28 07:00:00:000000","0","0"
1,636,1035,"0","LETTURA WEB ","LETTURA WEB ",0,0,0,0,0,2,"F",1,1,0,0,6,6,102,6,1,"2011-12-28 07:00:00:000000","0","0"
1,716,1037,"0","TELEFONIA PERIFERICHE ","TELEFONIA PERIFERICHE ",4,0,0,0,0,2,"F",1,1,0,0,6,6,102,6,1,"2011-12-28 07:00:00:000000","0","0"
1,778,1070,"0","CAMPIONI GRATUITI ","CAMPIONI GRATUITI ",4,0,0,0,0,2,"F",1,1,0,0,6,6,102,6,1,"2011-12-28 07:00:00:000000","0","0"
1,779,1070,"0","PARAFARMACO USO VETER.","PARAFARMACO USO VETER.",3,0,0,0,0,2,"F",1,1,0,0,0,0,0,0,1,"2011-12-28 07:00:00:000000","0","0"
1,786,1070,"0","FASCIA ","FASCIA ",3,0,0,0,0,2,"F",1,1,0,0,0,0,0,0,1,"2011-12-28 07:00:00:000000","0","0"
1,806,1037,"0","PARCHEGGI ","PARCHEGGI ",4,0,0,0,0,2,"F",1,1,0,0,6,6,102,6,1,"2011-12-28 07:00:00:000000","0","0"
1,897,1037,"0","CARD VIRTUALI ","CARD VIRTUALI ",4,0,0,0,0,2,"F",1,1,0,0,6,6,102,6,1,"2011-12-28 07:00:00:000000","0","0"
1,894,1040,"0","RIPARAZIONI POST ACQUISTO","RIPARAZIONI POST ACQUISTO",4,0,0,0,0,2,"F",1,1,0,0,6,6,102,6,1,"2012-01-11 07:00:00:000000","0","0"
1,787,1070,"0","VETERINARI CON RICETTA","VETERINARI CON RICETTA",3,0,0,0,0,2,"F",1,1,0,0,0,0,0,0,1,"2012-04-02 00:00:00:000000","0","0"
1,896,1040,"0","SPESE PRATICHE POST ACQUISTO","SPESE PRATICHE POST ACQUISTO",4,0,0,0,0,2,"F",1,1,0,0,6,6,102,6,1,"2012-01-11 07:00:00:000000","0","0"
1,995,1039,"0","COLL.MANUALE ART.IN VENDITA","COLL.MANUALE ART.IN VENDITA",4,0,0,0,0,2,"F",1,1,0,0,6,6,102,6,1,"2012-04-06 00:00:00:000000","0","0"
1,788,1070,"0","FARMACO SENZA PRESCRIZIONE","FARMACO SENZA PRESCRIZIONE",3,0,0,0,0,2,"F",1,1,0,0,0,0,0,0,1,"2012-04-30 00:00:00:000000","0","0"
1,914,1024,"0","MAT. CONF. LS","MAT. CONF. LS",4,0,0,0,0,2,"F",1,1,0,0,6,6,102,6,1,"2013-12-11 00:00:00:000000","0","0"
1,915,1010,"0","MAT. CONF. GROCERY","MAT. CONF. GROCERY",4,0,0,0,0,2,"F",1,1,0,0,6,6,102,6,1,"2013-12-11 00:00:00:000000","0","0"
1,916,1013,"0","MAT. CONF. CHIMICA","MAT. CONF. CHIMICA",4,0,0,0,0,2,"F",1,1,0,0,6,6,102,6,1,"2013-12-11 00:00:00:000000","0","0"
1,758,1035,"0","CARBURANTI","CARBURANTI",4,0,0,0,0,2,"F",0,0,0,0,0,0,0,0,1,"2013-12-11 00:00:00:000000","0","0"
1,851,1035,"0","EDICOLA","EDICOLA",4,0,0,0,0,2,"F",0,0,0,0,0,0,0,0,1,"2013-12-11 00:00:00:000000","0","0"
1,748,1040,"0","INSTALLAZIONE","INSTALLAZIONE",4,0,0,0,0,2,"F",1,1,0,0,6,6,102,6,1,"2013-12-11 00:00:00:000000","0","0"
1,749,1040,"0","RITIRO MERCE RAEE","RITIRO MERCE RAEE",4,0,0,0,0,2,"F",1,1,0,0,6,6,102,6,1,"2013-12-11 00:00:00:000000","0","0"
1,800,1070,"0","PRODOTTI HOME CARE","PRODOTTI HOME CARE",4,0,0,0,0,2,"F",1,1,0,0,6,6,102,6,1,"2013-12-11 00:00:00:000000","0","0"
