1,1035,0,"0","PESCE","PESCE",1,0,0,0,0,2,"F",1,1,0,0,6,6,102,6,1,"2011-08-30 00:00:00:000000","0","1"
1,1040,0,"0","ORTOFRUTTA","ORTOFRUTTA",1,0,0,0,0,2,"F",1,1,0,0,6,6,102,6,1,"2011-08-30 00:00:00:000000","0","1"
1,1045,0,"0","CONFEZIONAMENTO","CONFEZIONAMENTO",1,0,0,0,0,2,"F",1,1,0,0,6,6,102,6,1,"2011-08-30 00:00:00:000000","0","1"
1,1050,0,"0","CATALOGO OMAGGI","CATALOGO OMAGGI",1,0,0,0,0,2,"F",1,1,0,0,6,6,102,6,1,"2011-08-30 00:00:00:000000","0","1"
1,1055,0,"0","FESTE","FESTE",1,0,0,0,0,2,"F",1,1,0,0,6,6,102,6,1,"2011-08-30 00:00:00:000000","0","1"
1,1060,0,"0","EXTRA ALIMENTARI","EXTRA ALIMENTARI",1,0,0,0,0,2,"F",1,1,0,0,6,6,102,6,1,"2011-08-30 00:00:00:000000","0","1"
1,0,0,"0","Store Department1","Store Department1",0,0,0,0,0,1,"F",0,0,0,0,0,0,0,0,1,"2011-04-18 19:30:20:899000","0","1"
1,2001,0,"1","Deposit","Deposit",1,0,0,0,0,2,"G",0,0,0,0,0,0,0,0,1,"2011-04-14 19:30:22:241000","0","1"
1,2091,2001,"3","Deposit minus         ","Deposit minus        ",1,0,0,0,0,3,"G",0,0,0,0,0,0,0,0,1,"2011-04-14 19:30:22:341000","0","1"
1,2092,2001,"2","Deposit plus          ","Deposit plus         ",1,0,0,0,0,3,"G",0,0,0,0,0,0,0,0,1,"2011-04-14 19:30:22:431000","0","1"
1,2991,2091,"3","Deposit minus         ","Deposit minus        ",1,0,0,0,0,4,"G",0,0,0,0,0,0,0,0,1,"2011-04-14 19:30:22:602000","0","1"
1,2992,2092,"2","Deposit plus          ","Deposit plus         ",1,0,0,0,0,4,"G",0,0,0,0,0,0,0,0,1,"2011-04-14 19:30:22:692000","0","1"
1,1005,0,"0","GENERI VARI","GENERI VARI",1,0,0,0,0,2,"F",1,1,0,0,6,6,102,6,1,"2011-08-30 00:00:00:000000","0","1"
1,1010,0,"0","SALUMI LATTICINI","SALUMI LATTICINI",1,0,0,0,0,2,"F",1,1,0,0,6,6,102,6,1,"2011-08-30 00:00:00:000000","0","1"
1,1015,0,"0","GASTRONOMIA","GASTRONOMIA",1,0,0,0,0,2,"F",1,1,0,0,6,6,102,6,1,"2011-08-30 00:00:00:000000","0","1"
1,1020,0,"0","SURGELATI","SURGELATI",1,0,0,0,0,2,"F",1,1,0,0,6,6,102,6,1,"2011-08-30 00:00:00:000000","0","1"
1,1025,0,"0","PANE/PASTICCERIA","PANE/PASTICCERIA",1,0,0,0,0,2,"F",1,1,0,0,6,6,102,6,1,"2011-08-30 00:00:00:000000","0","1"
1,1030,0,"0","CARNI","CARNI",1,0,0,0,0,2,"F",1,1,0,0,6,6,102,6,1,"2011-08-30 00:00:00:000000","0","1"
1,32,1005,"0","PASTA ALL'UOVO        ","PASTA ALL'UOVO        ",2,0,0,0,0,2,"F",1,1,0,0,6,6,102,6,1,"2011-08-30 00:00:00:000000","1","1"
1,33,1005,"0","SPECIALITA' ESTERE    ","SPECIALITA' ESTERE    ",3,0,0,0,0,2,"F",1,1,0,0,6,6,102,6,1,"2011-08-30 00:00:00:000000","1","1"
1,35,1005,"0","OLIO DI OLIVA         ","OLIO DI OLIVA         ",2,0,0,0,0,2,"F",1,1,0,0,6,6,102,6,1,"2011-08-30 00:00:00:000000","1","1"
1,36,1005,"0","PREPARATI PRIMA COLAZ ","PREPARATI PRIMA COLAZ ",3,0,0,0,0,2,"F",1,1,0,0,6,6,102,6,1,"2011-08-30 00:00:00:000000","1","1"
1,37,1005,"0","OLIO DI SEMI          ","OLIO DI SEMI          ",2,0,0,0,0,2,"F",1,1,0,0,6,6,102,6,1,"2011-08-30 00:00:00:000000","1","1"
1,38,1005,"0","CEREALI PRIMA COLAZ   ","CEREALI PRIMA COLAZ   ",3,0,0,0,0,2,"F",1,1,0,0,6,6,102,6,1,"2011-08-30 00:00:00:000000","1","1"
1,39,1005,"0","ACETI/ALTRI CONDIMENT ","ACETI/ALTRI CONDIMENT ",4,0,0,0,0,2,"F",1,1,0,0,6,6,102,6,1,"2011-08-30 00:00:00:000000","1","1"
1,43,1010,"0","CONSERVE POMODORO     ","CONSERVE POMODORO     ",2,0,0,0,0,2,"F",1,1,0,0,6,6,102,6,1,"2011-09-30 00:00:00:000000","1","1"
1,45,1005,"0","CONS. DI VERD.E LEGU  ","CONS. DI VERD.E LEG.A ",3,0,0,0,0,2,"F",1,1,0,0,6,6,102,6,1,"2011-08-30 00:00:00:000000","1","1"
1,46,1010,"0","FETTE BISCOTTATE      ","FETTE BISCOTTATE      ",3,0,0,0,0,2,"F",1,1,0,0,6,6,102,6,1,"2012-11-22 00:00:00:000000","0","0"
1,1070,0,"0","FARMACIA","FARMACIA",1,0,0,0,0,2,"F",1,1,0,0,6,6,0,6,1,"2011-08-30 00:00:00:000000","0","1"
1,1,1005,"0","BISCOTTI","BISCOTTI",3,0,0,0,0,2,"F",1,1,0,0,6,6,102,6,1,"2011-08-30 00:00:00:000000","1","1"
1,3,1010,"0","MERENDINE             ","MERENDINE             ",3,0,0,0,0,2,"F",1,1,0,0,6,6,102,6,1,"2012-11-22 00:00:00:000000","0","0"
1,5,1005,"0","PASTICCERIA IND.      ","PASTICCERIA INDUST.   ",3,0,0,0,0,2,"F",1,1,0,0,6,6,102,6,1,"2011-08-30 00:00:00:000000","1","1"
1,7,1005,"0","CARAMELLE/PROD.       ","CARAMELLE/PROD. BASE  ",3,0,0,0,0,2,"F",1,1,0,0,6,6,102,6,1,"2011-08-30 00:00:00:000000","1","1"
1,9,1005,"0","PRODOTTI BASE C       ","PRODOTTI BASE CIOCCOL ",3,0,0,0,0,2,"F",1,1,0,0,6,6,102,6,1,"2011-08-30 00:00:00:000000","1","1"
1,11,1005,"0","CREME SPALMABIL       ","CREME SPALMABILI      ",3,0,0,0,0,2,"F",1,1,0,0,6,6,102,6,1,"2011-08-30 00:00:00:000000","1","1"
1,15,1005,"0","SNACK SALATI          ","SNACK SALATI          ",3,0,0,0,0,2,"F",1,1,0,0,6,6,102,6,1,"2011-08-30 00:00:00:000000","1","1"
1,17,1005,"0","ZUCCHERO E DOLCIF.    ","ZUCCHERO E DOLCIF.    ",3,0,0,0,0,2,"F",1,1,0,0,6,6,102,6,1,"2011-08-30 00:00:00:000000","1","1"
1,19,1005,"0","MIELE                 ","MIELE                 ",3,0,0,0,0,2,"F",1,1,0,0,6,6,102,6,1,"2011-08-30 00:00:00:000000","1","1"
1,21,1005,"0","PREPARATI PER DOLCI   ","PREPARATI PER DOLCI   ",4,0,0,0,0,2,"F",1,1,0,0,6,6,102,6,1,"2011-08-30 00:00:00:000000","1","1"
1,23,1005,"0","ALIMENTI INFANZIA","ALIMENTI INFANZIA",3,0,0,0,0,2,"F",1,1,0,0,6,6,102,6,1,"2011-08-30 00:00:00:000000","1","1"
1,25,1005,"0","SALUTISTICI           ","SALUTISTICI           ",3,0,0,0,0,2,"F",1,1,0,0,6,6,102,6,1,"2011-08-30 00:00:00:000000","1","1"
1,26,1005,"0","ALIMENTI SALUTISTICI  ","ALIMENTI SALUTISTICI  ",3,0,0,0,0,2,"F",1,1,0,0,6,6,102,6,1,"2011-08-30 00:00:00:000000","1","1"
1,27,1005,"0","CAFFE'                ","CAFFE'                ",4,0,0,0,0,2,"F",1,1,0,0,6,6,102,6,1,"2011-08-30 00:00:00:000000","0","1"
1,29,1005,"0","INFUSI                ","INFUSI                ",4,0,0,0,0,2,"F",1,1,0,0,6,6,102,6,1,"2011-08-30 00:00:00:000000","1","1"
1,30,1005,"0","PASTA DI SEMOLA       ","PASTA DI SEMOLA       ",2,0,0,0,0,2,"F",1,1,0,0,6,6,102,6,1,"2011-08-30 00:00:00:000000","1","1"
1,80,1005,"0","BEVANDE LEG. ALCOOL.  ","BEVANDE LEG. ALCOOL.  ",4,0,0,0,0,2,"F",1,1,0,0,6,6,102,6,1,"2011-08-30 00:00:00:000000","0","1"
1,81,1005,"0","SPUMANTI              ","SPUMANTI              ",4,0,0,0,0,2,"F",1,1,0,0,6,6,102,6,1,"2011-08-30 00:00:00:000000","0","1"
1,83,1005,"0","APERITIVI             ","APERITIVI             ",4,0,0,0,0,2,"F",1,1,0,0,6,6,102,6,1,"2011-08-30 00:00:00:000000","0","1"
1,85,1005,"0","LIQUORI/DISTILL       ","LIQUORI/DISTILLATI    ",4,0,0,0,0,2,"F",1,1,0,0,6,6,102,6,1,"2011-08-30 00:00:00:000000","0","1"
1,88,1005,"0","CONF. REGALO BEVANDE  ","CONF. REGALO BEVANDE  ",4,0,0,0,0,2,"F",1,1,0,0,6,6,102,6,1,"2011-08-30 00:00:00:000000","0","1"
1,91,1005,"0","DETERG. STOVIGL       ","DETERG. STOVIGLIE     ",4,0,0,0,0,2,"F",1,1,0,0,6,6,102,6,1,"2011-08-30 00:00:00:000000","0","1"
1,93,1005,"0","DETERGENTI SUPE       ","DETERGENTI SUPERFICI  ",4,0,0,0,0,2,"F",1,1,0,0,6,6,102,6,1,"2011-08-30 00:00:00:000000","0","1"
1,94,1005,"0","VINI DA TAVOLA        ","VINI DA TAVOLA        ",4,0,0,0,0,2,"F",1,1,0,0,6,6,102,6,1,"2011-08-30 00:00:00:000000","0","1"
1,96,1005,"0","VINI TIPICI           ","VINI TIPICI           ",4,0,0,0,0,2,"F",1,1,0,0,6,6,102,6,1,"2011-08-30 00:00:00:000000","0","1"
1,108,1005,"0","DETERGENZA TESSUTI    ","DETERGENZA TESSUTI    ",4,0,0,0,0,2,"F",1,1,0,0,6,6,102,6,1,"2011-08-30 00:00:00:000000","0","1"
1,47,1005,"0","SOTTOLI/SOTTACETI     ","SOTTOLI/SOTTACETI (CO ",3,0,0,0,0,2,"F",1,1,0,0,6,6,102,6,1,"2011-08-30 00:00:00:000000","1","1"
1,49,1005,"0","CONSERVE DI FRUTTA    ","CONSERVE DI FRUTTA    ",3,0,0,0,0,2,"F",1,1,0,0,6,6,102,6,1,"2011-08-30 00:00:00:000000","1","1"
1,51,1005,"0","CONSERVE DI CARNE     ","CONSERVE DI CARNE     ",3,0,0,0,0,2,"F",1,1,0,0,6,6,102,6,1,"2011-08-30 00:00:00:000000","1","1"
1,52,1005,"0","RICORRENZE NATALE     ","RICORRENZE NATALE     ",4,0,0,0,0,2,"F",1,1,0,0,6,6,102,6,1,"2011-08-30 00:00:00:000000","1","1"
1,53,1005,"0","CONSERVE DI PESCE     ","CONSERVE DI PESCE     ",3,0,0,0,0,2,"F",1,1,0,0,6,6,102,6,1,"2011-08-30 00:00:00:000000","1","1"
1,54,1005,"0","RICORRENZE PASQUA     ","RICORRENZE PASQUA     ",4,0,0,0,0,2,"F",1,1,0,0,6,6,102,6,1,"2011-08-30 00:00:00:000000","1","1"
1,57,1005,"0","SALSE                 ","SALSE                 ",3,0,0,0,0,2,"F",1,1,0,0,6,6,102,6,1,"2011-08-30 00:00:00:000000","1","1"
1,59,1005,"0","CONDIMENTI PRONTI     ","CONDIMENTI PRONTI     ",3,0,0,0,0,2,"F",1,1,0,0,6,6,102,6,1,"2011-08-30 00:00:00:000000","1","1"
1,61,1005,"0","FARINA                ","FARINA                ",2,0,0,0,0,2,"F",1,1,0,0,6,6,102,6,1,"2011-08-30 00:00:00:000000","1","1"
1,63,1005,"0","RISO                  ","RISO                  ",2,0,0,0,0,2,"F",1,1,0,0,6,6,102,6,1,"2011-08-30 00:00:00:000000","1","1"
1,66,1005,"0","INSAPORITORI          ","INSAPORITORI          ",3,0,0,0,0,2,"F",1,1,0,0,6,6,102,6,1,"2011-08-30 00:00:00:000000","0","1"
1,67,1005,"0","ALIMENTI PREPARATI    ","ALIMENTI PREPARATI    ",3,0,0,0,0,2,"F",1,1,0,0,6,6,102,6,1,"2011-08-30 00:00:00:000000","1","1"
1,69,1010,"0","SOSTITUTIVI DEL PANE  ","SOSTITUTIVI DEL PANE  ",2,0,0,0,0,2,"F",1,1,0,0,6,6,102,6,1,"2012-11-22 00:00:00:000000","0","0"
1,71,1005,"0","ACQUE                 ","ACQUE                 ",4,0,0,0,0,2,"F",1,1,0,0,6,6,102,6,1,"2011-08-30 00:00:00:000000","0","1"
1,73,1005,"0","BIBITE                ","BIBITE                ",4,0,0,0,0,2,"F",1,1,0,0,6,6,102,6,1,"2011-08-30 00:00:00:000000","0","1"
1,75,1005,"0","SUCCHI FRUTTA         ","SUCCHI FRUTTA         ",4,0,0,0,0,2,"F",1,1,0,0,6,6,102,6,1,"2011-08-30 00:00:00:000000","1","1"
1,77,1005,"0","BIRRE","BIRRE",4,0,0,0,0,2,"F",0,0,0,0,6,6,102,6,1,"2011-08-30 00:00:00:000000","0","1"
1,135,1005,"0","ACCESSORI CANE        ","ACCESSORI CANE        ",4,0,0,0,0,2,"F",1,1,0,0,6,6,102,6,1,"2011-08-30 00:00:00:000000","0","1"
1,136,1005,"0","TRATTAMENTO COSMETI UO","TRATTAMENTO COSEMTI UO",4,0,0,0,0,2,"F",1,1,0,0,6,6,102,6,1,"2011-08-30 00:00:00:000000","0","1"
1,137,1005,"0","ALIM. ALTRI ANIMALI   ","ALIM. ALTRI ANIMALI   ",3,0,0,0,0,2,"F",1,1,0,0,6,6,102,6,1,"2011-08-30 00:00:00:000000","0","1"
1,139,1005,"0","ACCESSORI GATTO       ","ACCESSORI GATTO       ",4,0,0,0,0,2,"F",1,1,0,0,6,6,102,6,1,"2011-08-30 00:00:00:000000","0","1"
1,140,1005,"0","CONFEZIONI            ","CONFEZIONI            ",4,0,0,0,0,2,"F",1,1,0,0,6,6,102,6,1,"2011-08-30 00:00:00:000000","0","1"
1,141,1005,"0","ALIM.ACC.ALTRI ANIM.  ","ALIM.ACC.ALTRI ANIM.  ",4,0,0,0,0,2,"F",1,1,0,0,6,6,102,6,1,"2011-08-30 00:00:00:000000","0","1"
1,148,1005,"0","COMPLET. IGIENE PERSO.","COMPLET. IGIENE PERSO.",4,0,0,0,0,2,"F",1,1,0,0,6,6,102,6,1,"2011-08-30 00:00:00:000000","0","1"
1,389,1005,"0","ALTA PROFUMERIA       ","ALTA PROFUMERIA       ",4,0,0,0,0,2,"F",1,1,0,0,6,6,102,6,1,"2011-08-30 00:00:00:000000","0","1"
1,391,1005,"0","COSMETICI A BAN       ","COSMETICI A BANCO     ",4,0,0,0,0,2,"F",1,1,0,0,6,6,102,6,1,"2011-08-30 00:00:00:000000","0","1"
1,479,1005,"0","USA E GETTA TAV       ","USA E GETTA TAVOLA    ",4,0,0,0,0,2,"F",1,1,0,0,6,6,102,6,1,"2011-08-30 00:00:00:000000","0","1"
1,109,1005,"0","IGIENE ORALE          ","IGIENE ORALE          ",4,0,0,0,0,2,"F",1,1,0,0,6,6,102,6,1,"2011-08-30 00:00:00:000000","0","1"
1,110,1005,"0","CURA TESSUTI          ","CURA TESSUTI          ",4,0,0,0,0,2,"F",1,1,0,0,6,6,102,6,1,"2011-08-30 00:00:00:000000","0","1"
1,113,1005,"0","PROD. PER CAPEL       ","PROD. PER CAPELLI     ",4,0,0,0,0,2,"F",1,1,0,0,6,6,102,6,1,"2011-08-30 00:00:00:000000","0","1"
1,116,1005,"0","DEODORANTI AMBIENTI   ","DEODORANTI AMBIENTI   ",4,0,0,0,0,2,"F",1,1,0,0,6,6,102,6,1,"2011-08-30 00:00:00:000000","0","1"
1,117,1005,"0","PROFUMERIA / CO       ","PROFUMERIA / COSMESI/ ",4,0,0,0,0,2,"F",1,1,0,0,6,6,102,6,1,"2011-08-30 00:00:00:000000","0","1"
1,118,1005,"0","INSETTICIDI/REPULSIVI ","INSETTICIDI/REPULSIVI ",4,0,0,0,0,2,"F",1,1,0,0,6,6,102,6,1,"2011-08-30 00:00:00:000000","0","1"
1,119,1005,"0","PRODOTTI BAGNO        ","PRODOTTI BAGNO        ",4,0,0,0,0,2,"F",1,1,0,0,6,6,102,6,1,"2011-08-30 00:00:00:000000","0","1"
1,121,1005,"0","PROD. SANITARI        ","PROD. SANITARI PARAME ",4,0,0,0,0,2,"F",1,1,0,0,6,6,102,6,1,"2011-08-30 00:00:00:000000","0","1"
1,122,1005,"0","TOVAGLIE E TOVAGLIOLI ","TOVAGLIE E TOVAGLIOLI ",4,0,0,0,0,2,"F",1,1,0,0,6,6,102,6,1,"2011-08-30 00:00:00:000000","0","1"
1,123,1005,"0","CARTA IGIENICA        ","CARTA IGIENICA        ",4,0,0,0,0,2,"F",1,1,0,0,6,6,102,6,1,"2011-08-30 00:00:00:000000","0","1"
1,125,1005,"0","INTIMI / ASSORB       ","INTIMI / ASSORBENTI   ",4,0,0,0,0,2,"F",1,1,0,0,6,6,102,6,1,"2011-08-30 00:00:00:000000","0","1"
1,126,1005,"0","ASCIUGATUTTO          ","ASCIUGATUTTO          ",4,0,0,0,0,2,"F",1,1,0,0,6,6,102,6,1,"2011-08-30 00:00:00:000000","0","1"
1,127,1005,"0","PROD.PRIMA INFA       ","PROD.PRIMA INFANZ.    ",4,0,0,0,0,2,"F",1,1,0,0,6,6,102,6,1,"2011-08-30 00:00:00:000000","0","1"
1,130,1005,"0","SOLARI                ","SOLARI                ",4,0,0,0,0,2,"F",1,1,0,0,6,6,102,6,1,"2011-08-30 00:00:00:000000","0","1"
1,131,1005,"0","ALIMENTI PER CANI     ","ALIMENTI PER CANI     ",4,0,0,0,0,2,"F",1,1,0,0,6,6,102,6,1,"2011-08-30 00:00:00:000000","0","1"
1,132,1005,"0","TRATTAMENTO CORPO VI. ","TRATTAMENTO CORPO VI. ",4,0,0,0,0,2,"F",1,1,0,0,6,6,102,6,1,"2011-08-30 00:00:00:000000","0","1"
1,133,1005,"0","ALIMENTI PER GATTI    ","ALIMENTI PER GATTI    ",4,0,0,0,0,2,"F",1,1,0,0,6,6,102,6,1,"2011-08-30 00:00:00:000000","0","1"
1,184,1010,"0","FORMAGGI STAGIONATI   ","FORMAGGI STAGIONATI   ",2,0,0,0,0,2,"F",1,1,0,0,6,6,102,6,1,"2011-08-30 00:00:00:000000","1","1"
1,186,1010,"0","FORMAGGI FUSI         ","FORMAGGI FUSI         ",2,0,0,0,0,2,"F",1,1,0,0,6,6,102,6,1,"2011-08-30 00:00:00:000000","1","1"
1,188,1010,"0","GRANA LIBERO SERVIZIO","GRANA LIBERO SERVIZIO",2,0,0,0,0,2,"F",1,1,0,0,6,6,102,6,1,"2011-08-30 00:00:00:000000","1","1"
1,190,1010,"0","SALUMI LIBERO SERVIZIO","SALUMI LIBERO SERVIZIO",3,0,0,0,0,2,"F",1,1,0,0,6,6,102,6,1,"2011-08-30 00:00:00:000000","1","1"
1,192,1010,"0","UOVA                  ","UOVA                  ",3,0,0,0,0,2,"F",1,1,0,0,6,6,102,6,1,"2011-08-30 00:00:00:000000","1","1"
1,193,1010,"0","WURSTEL               ","WURSTEL               ",3,0,0,0,0,2,"F",1,1,0,0,6,6,102,6,1,"2011-08-30 00:00:00:000000","1","1"
1,194,1010,"0","PASTA FRESCA          ","PASTA FRESCA          ",2,0,0,0,0,2,"F",1,1,0,0,6,6,102,6,1,"2011-08-30 00:00:00:000000","1","1"
1,196,1010,"0","CONDIMENTI            ","CONDIMENTI            ",3,0,0,0,0,2,"F",1,1,0,0,6,6,102,6,1,"2011-08-30 00:00:00:000000","1","1"
1,198,1010,"0","GASTRO. PIATTI PRONTI ","GASTRO. PIATTI PRONTI ",3,0,0,0,0,2,"F",1,1,0,0,6,6,102,6,1,"2011-08-30 00:00:00:000000","1","1"
1,200,1010,"0","GASTRONOMIA PESCE     ","GASTRONOMIA PESCE     ",3,0,0,0,0,2,"F",1,1,0,0,6,6,102,6,1,"2011-08-30 00:00:00:000000","1","1"
1,494,1005,"0","AVVOLGENTI CUCI       ","AVVOLGENTI CUCINA     ",4,0,0,0,0,2,"F",1,1,0,0,6,6,102,6,1,"2011-08-30 00:00:00:000000","0","1"
1,525,1005,"0","ACCESSORI ANIMA       ","ACCESSORI ANIMALI     ",4,0,0,0,0,2,"F",1,1,0,0,6,6,102,6,1,"2011-08-30 00:00:00:000000","0","1"
1,750,1005,"0","PRECONFEZIONAMENTO    ","PRECONFEZIONAMENTO    ",4,0,0,0,0,2,"F",1,1,0,0,6,6,102,6,1,"2011-08-30 00:00:00:000000","0","1"
1,751,1005,"0","MATERIALI IMBALLO     ","MATERIALI IMBALLO     ",4,0,0,0,0,2,"F",1,1,0,0,6,6,102,6,1,"2011-08-30 00:00:00:000000","0","1"
1,752,1005,"0","VUOTI BEVANDE         ","VUOTI BEVANDE         ",4,0,0,0,0,2,"F",1,1,0,0,6,6,102,6,1,"2011-08-30 00:00:00:000000","0","1"
1,753,1005,"0","MATERIALI VARI        ","MATERIALI VARI        ",4,0,0,0,0,2,"F",1,1,0,0,6,6,102,6,1,"2011-08-30 00:00:00:000000","0","1"
1,754,1005,"0","CONTENITORI SPESA     ","CONTENITORI SPESA     ",4,0,0,0,0,2,"F",1,1,0,0,6,6,102,6,1,"2011-08-30 00:00:00:000000","0","1"
1,755,1005,"0","VUOTI SETTORI DIVERSI ","VUOTI SETTORI DIVERSI ",4,0,0,0,0,2,"F",1,1,0,0,6,6,102,6,1,"2011-08-30 00:00:00:000000","0","1"
1,927,1005,"0","VENDITE A RP GROCERY  ","VENDITE A RP GROCERY  ",4,0,0,0,0,2,"F",1,1,0,0,6,6,102,6,1,"2011-08-30 00:00:00:000000","0","1"
1,933,1005,"0","VENDITE A RP VUOTI    ","VENDITE A RP VUOTI    ",4,0,0,0,0,2,"F",1,1,0,0,6,6,102,6,1,"2011-08-30 00:00:00:000000","0","1"
1,945,1005,"0","VENDITE RP SHOPPER    ","VENDITE RP SHOPPER    ",4,0,0,0,0,2,"F",1,1,0,0,6,6,102,6,1,"2011-08-30 00:00:00:000000","0","1"
1,172,1010,"0","YOGURT                ","YOGURT                ",3,0,0,0,0,2,"F",1,1,0,0,6,6,102,6,1,"2011-08-30 00:00:00:000000","1","1"
1,174,1010,"0","DESSERT               ","DESSERT               ",3,0,0,0,0,2,"F",1,1,0,0,6,6,102,6,1,"2011-08-30 00:00:00:000000","1","1"
1,176,1010,"0","BEVANDE FRUTTA        ","BEVANDE FRUTTA        ",4,0,0,0,0,2,"F",1,1,0,0,6,6,102,6,1,"2011-08-30 00:00:00:000000","1","1"
1,178,1010,"0","LATTE                 ","LATTE                 ",2,0,0,0,0,2,"F",1,1,0,0,6,6,102,6,1,"2011-08-30 00:00:00:000000","1","1"
1,180,1010,"0","GRASSI                ","GRASSI                ",3,0,0,0,0,2,"F",1,1,0,0,6,6,102,6,1,"2011-08-30 00:00:00:000000","1","1"
1,182,1010,"0","FORMAGGI FRESCHI      ","FORMAGGI FRESCHI      ",2,0,0,0,0,2,"F",1,1,0,0,6,6,102,6,1,"2011-08-30 00:00:00:000000","1","1"
1,232,1015,"0","CUCINA SERV. ASSISTITO","CUCINA SERV. ASSISTITO",3,0,0,0,0,2,"F",1,1,0,0,6,6,102,6,1,"2011-08-30 00:00:00:000000","1","1"
1,234,1015,"0","CUCINA TAKE AWAY      ","CUCINA TAKE AWAY      ",3,0,0,0,0,2,"F",1,1,0,0,6,6,102,6,1,"2011-08-30 00:00:00:000000","1","1"
1,236,1015,"0","MOZZAR.FILATI SERV.ASS","MOZZAR.FILATI SERV.ASS",2,0,0,0,0,2,"F",1,1,0,0,6,6,102,6,1,"2011-08-30 00:00:00:000000","1","1"
1,238,1015,"0","MOZZAR.FILATI TAKEAWAY","MOZZAR.FILATI TAKEAWAY",2,0,0,0,0,2,"F",1,1,0,0,6,6,102,6,1,"2011-08-30 00:00:00:000000","1","1"
1,240,1015,"0","PASTA FRESCA SERV.ASS.","PASTA FRESCA SERV.ASS.",2,0,0,0,0,2,"F",1,1,0,0,6,6,102,6,1,"2011-08-30 00:00:00:000000","1","1"
1,242,1015,"0","PASTA FRESCA TAKE AWAY","PASTA FRESCA TAKE AWAY",2,0,0,0,0,2,"F",1,1,0,0,6,6,102,6,1,"2011-08-30 00:00:00:000000","1","1"
1,244,1015,"0","MATERIE PRIME         ","MATERIE PRIME         ",3,0,0,0,0,2,"F",1,1,0,0,6,6,102,6,1,"2011-08-30 00:00:00:000000","0","1"
1,911,1015,"0","MAT.CONF GASTRONOMIA  ","MAT.CONF GASTRONOMIA  ",4,0,0,0,0,2,"F",1,1,0,0,6,6,102,6,1,"2011-08-30 00:00:00:000000","0","1"
1,912,1015,"0","MAT.CONF PROD.GASTRONO","MAT.CONF PROD.GASTRONO",4,0,0,0,0,2,"F",1,1,0,0,6,6,102,6,1,"2011-08-30 00:00:00:000000","0","1"
1,921,1015,"0","VENDITE A RP  GASTRO. ","VENDITE A RP  GASTRO. ",3,0,0,0,0,2,"F",1,1,0,0,6,6,102,6,1,"2011-08-30 00:00:00:000000","0","1"
1,202,1010,"0","GASTRO. BASE FARINA   ","GASTRO. BASE FARINA   ",3,0,0,0,0,2,"F",1,1,0,0,6,6,102,6,1,"2011-08-30 00:00:00:000000","1","1"
1,204,1010,"0","RICORRENZE            ","RICORRENZE            ",4,0,0,0,0,2,"F",1,1,0,0,6,6,102,6,1,"2011-08-30 00:00:00:000000","1","1"
1,207,1010,"0","SALUMI PRECOTTI       ","SALUMI PRECOTTI       ",3,0,0,0,0,2,"F",1,1,0,0,6,6,102,6,1,"2011-08-30 00:00:00:000000","1","1"
1,920,1010,"0","VENDITE A RP  LIBERO  ","VENDITE A RP  LIBERO  ",3,0,0,0,0,2,"F",1,1,0,0,6,6,102,6,1,"2011-08-30 00:00:00:000000","0","1"
1,206,1015,"0","FORMAGG.FRES.SERV.ASS.","FORMAGG.FRES.SERV.ASS.",2,0,0,0,0,2,"F",1,1,0,0,6,6,102,6,1,"2011-08-30 00:00:00:000000","1","1"
1,208,1015,"0","FORMAGG.FRES.TAKE AWAY","FORMAGG.FRES.TAKE AWAY",2,0,0,0,0,2,"F",1,1,0,0,6,6,102,6,1,"2011-08-30 00:00:00:000000","1","1"
1,210,1015,"0","FORMAGG.STAG.SERV.ASSI","FORMAGG.STAG.SERV.ASSI",2,0,0,0,0,2,"F",1,1,0,0,6,6,102,6,1,"2011-08-30 00:00:00:000000","1","1"
1,212,1015,"0","FORMAGG.STAG.TAKE AWAY","FORMAGG.STAG.TAKE AWAY",2,0,0,0,0,2,"F",1,1,0,0,6,6,102,6,1,"2011-08-30 00:00:00:000000","1","1"
1,214,1015,"0","GRANA A SERV. ASSIST. ","GRANA A SERV. ASSIST. ",2,0,0,0,0,2,"F",1,1,0,0,6,6,102,6,1,"2011-08-30 00:00:00:000000","1","1"
1,216,1015,"0","GRANA TAKE AWAY       ","GRANA TAKE AWAY       ",2,0,0,0,0,2,"F",1,1,0,0,6,6,102,6,1,"2011-08-30 00:00:00:000000","1","1"
1,218,1015,"0","SALUMI A SERV. ASSIST.","SALUMI A SERV. ASSIST.",3,0,0,0,0,2,"F",1,1,0,0,6,6,102,6,1,"2011-08-30 00:00:00:000000","1","1"
1,220,1015,"0","SALUMI TRANCI/INT.TA  ","SALUMI TRANCI/INT.TA  ",3,0,0,0,0,2,"F",1,1,0,0,6,6,102,6,1,"2012-01-01 06:00:00:000000","1","1"
1,222,1015,"0","GASTRO.SERV. ASSISTITO","GASTRO.SERV. ASSISTITO",3,0,0,0,0,2,"F",1,1,0,0,6,6,102,6,1,"2011-08-30 00:00:00:000000","1","1"
1,224,1015,"0","GASTRONOMIA TAKE AWAY ","GASTRONOMIA TAKE AWAY ",3,0,0,0,0,2,"F",1,1,0,0,6,6,102,6,1,"2011-08-30 00:00:00:000000","1","1"
1,226,1015,"0","PASTA FRESCA SERV.ASS.","PASTA FRESCA SERV.ASS.",3,0,0,0,0,2,"F",1,1,0,0,6,6,102,6,1,"2011-08-30 00:00:00:000000","1","1"
1,228,1015,"0","PASTA FRESCA TAKE AWAY","PASTA FRESCA TAKE AWAY",2,0,0,0,0,2,"F",1,1,0,0,6,6,102,6,1,"2011-08-30 00:00:00:000000","1","1"
1,230,1015,"0","ROSTICCERIA           ","ROSTICCERIA           ",3,0,0,0,0,2,"F",1,1,0,0,6,6,102,6,1,"2011-08-30 00:00:00:000000","1","1"
1,372,1025,"0","PASTICCERIA BAR       ","PASTICCERIA BAR       ",3,0,0,0,0,2,"F",1,1,0,0,6,6,102,6,1,"2011-08-30 00:00:00:000000","1","1"
1,374,1025,"0","GELATERIA             ","GELATERIA             ",3,0,0,0,0,2,"F",1,1,0,0,6,6,102,6,1,"2011-08-30 00:00:00:000000","1","1"
1,376,1025,"0","PANINERIA PIZZERIA    ","PANINERIA PIZZERIA    ",3,0,0,0,0,2,"F",1,1,0,0,6,6,102,6,1,"2011-08-30 00:00:00:000000","1","1"
1,378,1025,"0","PIATTI PRONTI         ","PIATTI PRONTI         ",3,0,0,0,0,2,"F",1,1,0,0,6,6,102,6,1,"2011-08-30 00:00:00:000000","1","1"
1,380,1025,"0","MATERIE PRIMO RISTORO ","MATERIE PRIMO RISTORO ",3,0,0,0,0,2,"F",1,1,0,0,6,6,102,6,1,"2011-08-30 00:00:00:000000","1","1"
1,869,1025,"0","PANE PROD. INTERNA    ","PANE PROD. INTERNA    ",2,0,0,0,0,2,"F",1,1,0,0,6,6,102,6,1,"2011-08-30 00:00:00:000000","1","1"
1,873,1025,"0","SPEC.BASE PANE PROD.IN","SPEC.BASE PANE PROD.IN",2,0,0,0,0,2,"F",1,1,0,0,6,6,102,6,1,"2011-08-30 00:00:00:000000","1","1"
1,879,1025,"0","PASTICCERIA PROD.INTER","PASTICCERIA PROD.INTER",3,0,0,0,0,2,"F",1,1,0,0,6,6,102,6,1,"2011-08-30 00:00:00:000000","1","1"
1,902,1025,"0","MAT.CONF PANE         ","MAT.CONF PANE         ",4,0,0,0,0,2,"F",1,1,0,0,6,6,102,6,1,"2011-08-30 00:00:00:000000","0","1"
1,923,1025,"0","VENDITE A RP  PANE    ","VENDITE A RP  PANE    ",3,0,0,0,0,2,"F",1,1,0,0,6,6,102,6,1,"2011-08-30 00:00:00:000000","0","1"
1,935,1015,"0","VENDITE A RP PROD.GAST","VENDITE A RP PROD.GAST",3,0,0,0,0,2,"F",1,1,0,0,6,6,102,6,1,"2011-08-30 00:00:00:000000","0","1"
1,170,1020,"0","CONGELATO SFUSO       ","CONGELATO SFUSO       ",3,0,0,0,0,2,"F",1,1,0,0,6,6,102,6,1,"2011-08-30 00:00:00:000000","1","1"
1,179,1020,"0","SURGELATI VEGETALI    ","SURGELATI VEGETALI    ",3,0,0,0,0,2,"F",1,1,0,0,6,6,102,6,1,"2011-08-30 00:00:00:000000","1","1"
1,181,1020,"0","SURGELATI PESCE       ","SURGELATI PESCE       ",3,0,0,0,0,2,"F",1,1,0,0,6,6,102,6,1,"2011-08-30 00:00:00:000000","1","1"
1,183,1020,"0","SURGELATI CARNE       ","SURGELATI CARNE       ",3,0,0,0,0,2,"F",1,1,0,0,6,6,102,6,1,"2011-08-30 00:00:00:000000","1","1"
1,185,1020,"0","BASE FARINA           ","BASE FARINA           ",3,0,0,0,0,2,"F",1,1,0,0,6,6,102,6,1,"2011-08-30 00:00:00:000000","1","1"
1,187,1020,"0","GELATI                ","GELATI                ",3,0,0,0,0,2,"F",1,1,0,0,6,6,102,6,1,"2011-08-30 00:00:00:000000","1","1"
1,189,1020,"0","PIATTI PRONTI SURGEL. ","PIATTI PRONTI SURGEL. ",3,0,0,0,0,2,"F",1,1,0,0,6,6,102,6,1,"2011-08-30 00:00:00:000000","1","1"
1,922,1020,"0","VENDITE A RP  SURGEL. ","VENDITE A RP  SURGEL. ",3,0,0,0,0,2,"F",1,1,0,0,6,6,102,6,1,"2011-08-30 00:00:00:000000","0","1"
1,191,1025,"0","PANE PROD. ESTERNA    ","PANE PROD. ESTERNA    ",2,0,0,0,0,2,"F",1,1,0,0,6,6,102,6,1,"2011-08-30 00:00:00:000000","1","1"
1,195,1025,"0","SOST.PANE PROD. ESTER.","SOST.PANE PROD. ESTER.",2,0,0,0,0,2,"F",1,1,0,0,6,6,102,6,1,"2011-08-30 00:00:00:000000","1","1"
1,199,1025,"0","SPEC.BASE PANE PROD.ES","SPEC.BASE PANE PROD.ES",3,0,0,0,0,2,"F",1,1,0,0,6,6,102,6,1,"2011-08-30 00:00:00:000000","1","1"
1,203,1025,"0","MATERIE PRIME PANE    ","MATERIE PRIME PANE    ",2,0,0,0,0,2,"F",1,1,0,0,6,6,102,6,1,"2011-08-30 00:00:00:000000","1","1"
1,205,1025,"0","PASTICC.PRODUZ.ESTERNA","PASTICC.PRODUZ.ESTERNA",3,0,0,0,0,2,"F",1,1,0,0,6,6,102,6,1,"2011-08-30 00:00:00:000000","1","1"
1,209,1025,"0","MATERIE PRIME PASTICC.","MATERIE PRIME PASTICC.",2,0,0,0,0,2,"F",1,1,0,0,6,6,102,6,1,"2011-08-30 00:00:00:000000","0","1"
1,352,1025,"0","SOST.PANE PROD.INTERNA","SOST.PANE PROD.INTERNA",2,0,0,0,0,2,"F",1,1,0,0,6,6,102,6,1,"2011-08-30 00:00:00:000000","1","1"
1,370,1025,"0","BAR                   ","BAR                   ",4,0,0,0,0,2,"F",1,1,0,0,6,6,102,6,1,"2011-08-30 00:00:00:000000","1","1"
1,334,1035,"0","INTERO/EVISCERATO     ","INTERO/EVISCERATO     ",3,0,0,0,0,2,"F",1,1,0,0,6,6,102,6,1,"2011-08-30 00:00:00:000000","1","1"
1,336,1035,"0","TRANCI/FILETTI        ","TRANCI/FILETTI        ",3,0,0,0,0,2,"F",1,1,0,0,6,6,102,6,1,"2011-08-30 00:00:00:000000","1","1"
1,338,1035,"0","MOLLAME               ","MOLLAME               ",3,0,0,0,0,2,"F",1,1,0,0,6,6,102,6,1,"2011-08-30 00:00:00:000000","1","1"
1,340,1035,"0","CROSTACEI             ","CROSTACEI             ",3,0,0,0,0,2,"F",1,1,0,0,6,6,102,6,1,"2011-08-30 00:00:00:000000","1","1"
1,342,1035,"0","GUSCIAME              ","GUSCIAME              ",3,0,0,0,0,2,"F",1,1,0,0,6,6,102,6,1,"2011-08-30 00:00:00:000000","1","1"
1,344,1035,"0","ELABORATO PREPARATO   ","ELABORATO PREPARATO   ",3,0,0,0,0,2,"F",1,1,0,0,6,6,102,6,1,"2011-08-30 00:00:00:000000","1","1"
1,346,1035,"0","ELAB.PREP.LAV.INTERNA ","ELAB.PREP.LAV.INTERNA ",3,0,0,0,0,2,"F",1,1,0,0,6,6,102,6,1,"2011-08-30 00:00:00:000000","1","1"
1,348,1035,"0","COTTURA PESCE         ","COTTURA PESCE         ",3,0,0,0,0,2,"F",1,1,0,0,6,6,102,6,1,"2011-08-30 00:00:00:000000","1","1"
1,907,1035,"0","MAT.CONF PESCE        ","MAT.CONF PESCE        ",4,0,0,0,0,2,"F",1,1,0,0,6,6,102,6,1,"2011-08-30 00:00:00:000000","0","1"
1,925,1035,"0","VENDITE A RP  PESCE   ","VENDITE A RP  PESCE   ",3,0,0,0,0,2,"F",1,1,0,0,6,6,102,6,1,"2011-08-30 00:00:00:000000","0","1"
1,308,1030,"0","BOVINO                ","BOVINO                ",3,0,0,0,0,2,"F",1,1,0,0,6,6,102,6,1,"2011-08-30 00:00:00:000000","1","1"
1,310,1030,"0","SUINO                 ","SUINO                 ",3,0,0,0,0,2,"F",1,1,0,0,6,6,102,6,1,"2011-08-30 00:00:00:000000","1","1"
1,312,1030,"0","OVINO                 ","OVINO                 ",3,0,0,0,0,2,"F",1,1,0,0,6,6,102,6,1,"2011-08-30 00:00:00:000000","1","1"
1,314,1030,"0","EQUINO                ","EQUINO                ",3,0,0,0,0,2,"F",1,1,0,0,6,6,102,6,1,"2011-08-30 00:00:00:000000","1","1"
1,316,1030,"0","ALTRE CARNI ROSSE     ","ALTRE CARNI ROSSE     ",3,0,0,0,0,2,"F",1,1,0,0,6,6,102,6,1,"2011-08-30 00:00:00:000000","1","1"
1,318,1030,"0","ELABORATI CARNI ROSSE ","ELABORATI CARNI ROSSE ",3,0,0,0,0,2,"F",1,1,0,0,6,6,102,6,1,"2011-08-30 00:00:00:000000","1","1"
1,320,1030,"0","ELAB.CAR.ROSS.LAV.EST.","ELAB.CAR.ROSS.LAV.EST.",3,0,0,0,0,2,"F",1,1,0,0,6,6,102,6,1,"2011-08-30 00:00:00:000000","1","1"
1,322,1030,"0","POLLAME               ","POLLAME               ",3,0,0,0,0,2,"F",1,1,0,0,6,6,102,6,1,"2011-08-30 00:00:00:000000","1","1"
1,324,1030,"0","TACCHINO              ","TACCHINO              ",3,0,0,0,0,2,"F",1,1,0,0,6,6,102,6,1,"2011-08-30 00:00:00:000000","1","1"
1,326,1030,"0","CONIGLIO              ","CONIGLIO              ",3,0,0,0,0,2,"F",1,1,0,0,6,6,102,6,1,"2011-08-30 00:00:00:000000","1","1"
1,328,1030,"0","ALTRO AVICUNICOLO     ","ALTRO AVICUNICOLO     ",3,0,0,0,0,2,"F",1,1,0,0,6,6,102,6,1,"2011-08-30 00:00:00:000000","1","1"
1,330,1030,"0","ELABORATI AVICUNICOLO ","ELABORATI AVICUNICOLO ",3,0,0,0,0,2,"F",1,1,0,0,6,6,102,6,1,"2011-08-30 00:00:00:000000","1","1"
1,332,1030,"0","ELAB.AVICUN.LAV.INTERN","ELAB.AVICUN.LAV.INTERN",3,0,0,0,0,2,"F",1,1,0,0,6,6,102,6,1,"2011-08-30 00:00:00:000000","1","1"
1,855,1030,"0","ROSTICCERIA           ","ROSTICCERIA           ",3,0,0,0,0,2,"F",1,1,0,0,6,6,102,6,1,"2011-08-30 00:00:00:000000","0","1"
1,905,1030,"0","MAT.CONF CARNI ROSSE  ","MAT.CONF CARNI ROSSE  ",4,0,0,0,0,2,"F",1,1,0,0,6,6,102,6,1,"2011-08-30 00:00:00:000000","0","1"
1,906,1030,"0","MAT.CONF CARNI BIANCHE","MAT.CONF CARNI BIANCHE",4,0,0,0,0,2,"F",1,1,0,0,6,6,102,6,1,"2011-08-30 00:00:00:000000","0","1"
1,924,1030,"0","VENDITE A RP  CARNE   ","VENDITE A RP  CARNE   ",3,0,0,0,0,2,"F",1,1,0,0,6,6,102,6,1,"2011-08-30 00:00:00:000000","0","1"
1,280,1040,"0","RADICCHI              ","RADICCHI              ",2,0,0,0,0,2,"F",1,1,0,0,6,6,102,6,1,"2011-08-30 00:00:00:000000","1","1"
1,282,1040,"0","VERDURE FOGLIA        ","VERDURE FOGLIA        ",2,0,0,0,0,2,"F",1,1,0,0,6,6,102,6,1,"2011-08-30 00:00:00:000000","1","1"
1,284,1040,"0","ALTRE VERDURE         ","ALTRE VERDURE         ",2,0,0,0,0,2,"F",1,1,0,0,6,6,102,6,1,"2011-08-30 00:00:00:000000","1","1"
1,286,1040,"0","POMODORI              ","POMODORI              ",2,0,0,0,0,2,"F",1,1,0,0,6,6,102,6,1,"2011-08-30 00:00:00:000000","1","1"
1,288,1040,"0","PATATE                ","PATATE                ",2,0,0,0,0,2,"F",1,1,0,0,6,6,102,6,1,"2011-08-30 00:00:00:000000","1","1"
1,290,1040,"0","ALTRI ORTAGGI         ","ALTRI ORTAGGI         ",2,0,0,0,0,2,"F",1,1,0,0,6,6,102,6,1,"2011-08-30 00:00:00:000000","1","1"
1,292,1040,"0","CIPOLLE E AGLIO       ","CIPOLLE E AGLIO       ",2,0,0,0,0,2,"F",1,1,0,0,6,6,102,6,1,"2011-08-30 00:00:00:000000","1","1"
1,294,1040,"0","AROM.FRES.PIANT.CONSUM","AROM.FRES.PIANT.CONSUM",3,0,0,0,0,2,"F",1,1,0,0,6,6,102,6,1,"2011-08-30 00:00:00:000000","1","1"
1,296,1040,"0","FUNGHI                ","FUNGHI                ",2,0,0,0,0,2,"F",1,1,0,0,6,6,102,6,1,"2011-08-30 00:00:00:000000","1","1"
1,298,1040,"0","VERD.PREP.PROD.ESTERNA","VERD.PREP.PROD.ESTERNA",3,0,0,0,0,2,"F",1,1,0,0,6,6,102,6,1,"2011-08-30 00:00:00:000000","1","1"
1,246,1040,"0","MELE                  ","MELE                  ",2,0,0,0,0,2,"F",1,1,0,0,6,6,102,6,1,"2011-08-30 00:00:00:000000","1","1"
1,248,1040,"0","PERE                  ","PERE                  ",2,0,0,0,0,2,"F",1,1,0,0,6,6,102,6,1,"2011-08-30 00:00:00:000000","1","1"
1,250,1040,"0","FRUTTA CON NOCCIOLO   ","FRUTTA CON NOCCIOLO   ",2,0,0,0,0,2,"F",1,1,0,0,6,6,102,6,1,"2011-08-30 00:00:00:000000","1","1"
1,252,1040,"0","FRAGOLE/FRUT.DI BOSCO ","FRAGOLE/FRUT.DI BOSCO ",2,0,0,0,0,2,"F",1,1,0,0,6,6,102,6,1,"2011-08-30 00:00:00:000000","1","1"
1,254,1040,"0","COCOMERI MELONI       ","COCOMERI MELONI       ",2,0,0,0,0,2,"F",1,1,0,0,6,6,102,6,1,"2011-08-30 00:00:00:000000","1","1"
1,256,1040,"0","UVA                   ","UVA                   ",2,0,0,0,0,2,"F",1,1,0,0,6,6,102,6,1,"2011-08-30 00:00:00:000000","1","1"
1,258,1040,"0","AGRUMI                ","AGRUMI                ",2,0,0,0,0,2,"F",1,1,0,0,6,6,102,6,1,"2011-08-30 00:00:00:000000","1","1"
1,260,1040,"0","BANANE                ","BANANE                ",2,0,0,0,0,2,"F",1,1,0,0,6,6,102,6,1,"2011-08-30 00:00:00:000000","1","1"
1,262,1040,"0","KIWI                  ","KIWI                  ",2,0,0,0,0,2,"F",1,1,0,0,6,6,102,6,1,"2011-08-30 00:00:00:000000","1","1"
1,264,1040,"0","FRUTTA ESOTICA        ","FRUTTA ESOTICA        ",2,0,0,0,0,2,"F",1,1,0,0,6,6,102,6,1,"2011-08-30 00:00:00:000000","1","1"
1,266,1040,"0","ALTRA FRUTTA FRESCA   ","ALTRA FRUTTA FRESCA   ",2,0,0,0,0,2,"F",1,1,0,0,6,6,102,6,1,"2011-08-30 00:00:00:000000","1","1"
1,268,1040,"0","FRUTTA PREP.PROD.INT. ","FRUTTA PREP.PROD.INT. ",3,0,0,0,0,2,"F",1,1,0,0,6,6,102,6,1,"2011-08-30 00:00:00:000000","1","1"
1,270,1040,"0","FRUTTA PREP.PROD.EST. ","FRUTTA PREP.PROD.EST. ",3,0,0,0,0,2,"F",1,1,0,0,6,6,102,6,1,"2011-08-30 00:00:00:000000","1","1"
1,272,1040,"0","FRUTTA SECCA          ","FRUTTA SECCA          ",2,0,0,0,0,2,"F",1,1,0,0,6,6,102,6,1,"2011-08-30 00:00:00:000000","1","1"
1,274,1040,"0","FRUTTA ESSIC./DISIDR. ","FRUTTA ESSIC./DISIDR. ",4,0,0,0,0,2,"F",1,1,0,0,6,6,102,6,1,"2011-08-30 00:00:00:000000","1","1"
1,276,1040,"0","CONFEZIONI REGALO     ","CONFEZIONI REGALO     ",4,0,0,0,0,2,"F",1,1,0,0,6,6,102,6,1,"2011-08-30 00:00:00:000000","1","1"
1,278,1040,"0","INSALATE              ","INSALATE              ",2,0,0,0,0,2,"F",1,1,0,0,6,6,102,6,1,"2011-08-30 00:00:00:000000","1","1"
1,301,1060,"0","INTIMO GIORNO DONNA   ","INTIMO GIORNO DONNA   ",4,0,0,0,0,2,"F",1,1,0,0,6,6,102,6,1,"2011-08-30 00:00:00:000000","0","1"
1,303,1060,"0","INTIMO NOTTE DONNA    ","INTIMO NOTTE DONNA    ",4,0,0,0,0,2,"F",1,1,0,0,6,6,102,6,1,"2011-08-30 00:00:00:000000","0","1"
1,305,1060,"0","CALZETTERIA DONNA     ","CALZETTERIA DONNA     ",4,0,0,0,0,2,"F",1,1,0,0,6,6,102,6,1,"2011-08-30 00:00:00:000000","0","1"
1,307,1060,"0","MAGLIERIA ESTERNA DONN","MAGLIERIA ESTERNA DONN",4,0,0,0,0,2,"F",1,1,0,0,6,6,102,6,1,"2011-08-30 00:00:00:000000","0","1"
1,309,1060,"0","GONNE DONNA           ","GONNE DONNA           ",4,0,0,0,0,2,"F",1,1,0,0,6,6,102,6,1,"2011-08-30 00:00:00:000000","0","1"
1,311,1060,"0","CAMICIE DONNA         ","CAMICIE DONNA         ",4,0,0,0,0,2,"F",1,1,0,0,6,6,102,6,1,"2011-08-30 00:00:00:000000","0","1"
1,313,1060,"0","ABITI/COORDINATI DONNA","ABITI/COORDINATI DONNA",4,0,0,0,0,2,"F",1,1,0,0,6,6,102,6,1,"2011-08-30 00:00:00:000000","0","1"
1,315,1060,"0","PANTALONI DONNA       ","PANTALONI DONNA       ",4,0,0,0,0,2,"F",1,1,0,0,6,6,102,6,1,"2011-08-30 00:00:00:000000","0","1"
1,317,1060,"0","CAPI SPALLA DONNA     ","CAPI SPALLA DONNA     ",4,0,0,0,0,2,"F",1,1,0,0,6,6,102,6,1,"2011-08-30 00:00:00:000000","0","1"
1,319,1060,"0","ACCESS. ABBIGL. DONNA ","ACCESS. ABBIGL. DONNA ",4,0,0,0,0,2,"F",1,1,0,0,6,6,102,6,1,"2011-08-30 00:00:00:000000","0","1"
1,300,1040,"0","VERD.PREP.PROD.INTERNA","VERD.PREP.PROD.INTERNA",3,0,0,0,0,2,"F",1,1,0,0,6,6,102,6,1,"2011-08-30 00:00:00:000000","1","1"
1,302,1040,"0","OLIVE                 ","OLIVE                 ",2,0,0,0,0,2,"F",1,1,0,0,6,6,102,6,1,"2011-08-30 00:00:00:000000","1","1"
1,304,1040,"0","LEGUMI FRESCHI        ","LEGUMI FRESCHI        ",2,0,0,0,0,2,"F",1,1,0,0,6,6,102,6,1,"2011-08-30 00:00:00:000000","1","1"
1,306,1040,"0","VERD.LEG.CER.AROM.SEC.","VERD.LEG.CER.AROM.SEC.",2,0,0,0,0,2,"F",1,1,0,0,6,6,102,6,1,"2011-08-30 00:00:00:000000","1","1"
1,622,1040,"0","PIANTE DA ESTERNO     ","PIANTE DA ESTERNO     ",4,0,0,0,0,2,"F",1,1,0,0,6,6,102,6,1,"2011-08-30 00:00:00:000000","0","1"
1,624,1040,"0","PIANTE DA INTERNO     ","PIANTE DA INTERNO     ",4,0,0,0,0,2,"F",1,1,0,0,6,6,102,6,1,"2011-08-30 00:00:00:000000","0","1"
1,626,1060,"0","SEMI E BULBI          ","SEMI E BULBI          ",4,0,0,0,0,2,"F",1,1,0,0,6,6,102,6,1,"2012-01-01 06:00:00:000000","0","1"
1,628,1040,"0","FIORI RECISI          ","FIORI RECISI          ",4,0,0,0,0,2,"F",1,1,0,0,6,6,102,6,1,"2011-08-30 00:00:00:000000","0","1"
1,908,1040,"0","MAT.CONF ORTOFRUTTA   ","MAT.CONF ORTOFRUTTA   ",4,0,0,0,0,2,"F",1,1,0,0,6,6,102,6,1,"2011-08-30 00:00:00:000000","0","1"
1,926,1040,"0","VENDITE A RP ORTOFR.  ","VENDITE A RP ORTOFR.  ",3,0,0,0,0,2,"F",1,1,0,0,6,6,102,6,1,"2011-08-30 00:00:00:000000","0","1"
1,934,1050,"0","VENDITE A REPARTO     ","VENDITE A REPARTO     ",4,0,0,0,0,2,"F",1,1,0,0,6,6,102,6,1,"2011-08-30 00:00:00:000000","0","1"
1,990,1050,"0","COUPON                ","COUPON                ",0,0,0,0,0,2,"F",1,1,0,0,6,6,102,6,1,"2011-08-30 00:00:00:000000","0","1"
1,994,1050,"0","BUONI SCONTO          ","BUONI SCONTO          ",0,0,0,0,0,2,"F",1,1,0,0,6,6,102,6,1,"2011-08-30 00:00:00:000000","0","1"
1,996,1050,"0","BUONI SOLIDARIETA     ","BUONI SOLIDARIETA     ",0,0,0,0,0,2,"F",1,1,0,0,0,0,0,0,1,"2011-08-30 00:00:00:000000","0","1"
1,998,1050,"0","COLLEZIONAMENTO       ","COLLEZIONAMENTO       ",4,0,0,0,0,2,"F",1,1,0,0,6,6,102,6,1,"2011-08-30 00:00:00:000000","0","1"
1,888,1055,"0","NON DEFINITO          ","NON DEFINITO          ",4,0,0,0,0,2,"F",1,1,0,0,6,6,102,6,1,"2011-08-30 00:00:00:000000","0","1"
1,901,1055,"0","FESTE                 ","FESTE                 ",4,0,0,0,0,2,"F",1,1,0,0,6,6,102,6,1,"2011-08-30 00:00:00:000000","0","1"
1,365,1060,"0","GRANDE PUERICUL       ","GRANDE PUERICULTURA   ",4,0,0,0,0,2,"F",1,1,0,0,6,6,102,6,1,"2011-08-30 00:00:00:000000","0","1"
1,367,1060,"0","TUTE/ABB.TO SPO       ","TUTE/ABB.TO SPORT     ",4,0,0,0,0,2,"F",1,1,0,0,6,6,102,6,1,"2011-08-30 00:00:00:000000","0","1"
1,369,1060,"0","ABB.TO SCI            ","ABB.TO SCI            ",4,0,0,0,0,2,"F",1,1,0,0,6,6,102,6,1,"2011-08-30 00:00:00:000000","0","1"
1,373,1060,"0","CALZATURE SPORT       ","CALZATURE SPORTIVE BI ",4,0,0,0,0,2,"F",1,1,0,0,6,6,102,6,1,"2011-08-30 00:00:00:000000","0","1"
1,375,1060,"0","CALZATURE SPORT       ","CALZATURE SPORTIVE DO ",4,0,0,0,0,2,"F",1,1,0,0,6,6,102,6,1,"2011-08-30 00:00:00:000000","0","1"
1,377,1060,"0","CALZATURE SPORT       ","CALZATURE SPORTIVE UO ",4,0,0,0,0,2,"F",1,1,0,0,6,6,102,6,1,"2011-08-30 00:00:00:000000","0","1"
1,379,1060,"0","MARE BIMBI            ","MARE BIMBI            ",4,0,0,0,0,2,"F",1,1,0,0,6,6,102,6,1,"2011-08-30 00:00:00:000000","0","1"
1,381,1060,"0","MARE DONNA            ","MARE DONNA            ",4,0,0,0,0,2,"F",1,1,0,0,6,6,102,6,1,"2011-08-30 00:00:00:000000","0","1"
1,383,1060,"0","MARE UOMO             ","MARE UOMO             ",4,0,0,0,0,2,"F",1,1,0,0,6,6,102,6,1,"2011-08-30 00:00:00:000000","0","1"
1,385,1060,"0","ACCESSORI MARE        ","ACCESSORI MARE        ",4,0,0,0,0,2,"F",1,1,0,0,6,6,102,6,1,"2011-08-30 00:00:00:000000","0","1"
1,321,1060,"0","INTIMO GIORNO UOMO    ","INTIMO GIORNO UOMO    ",4,0,0,0,0,2,"F",1,1,0,0,6,6,102,6,1,"2011-08-30 00:00:00:000000","0","1"
1,323,1060,"0","INTIMO NOTTE UOMO     ","INTIMO NOTTE UOMO     ",4,0,0,0,0,2,"F",1,1,0,0,6,6,102,6,1,"2011-08-30 00:00:00:000000","0","1"
1,325,1060,"0","CALZETTERIA UOMO      ","CALZETTERIA UOMO      ",4,0,0,0,0,2,"F",1,1,0,0,6,6,102,6,1,"2011-08-30 00:00:00:000000","0","1"
1,327,1060,"0","MAGLIERIA ESTERNA UOMO","MAGLIERIA ESTERNA UOMO",4,0,0,0,0,2,"F",1,1,0,0,6,6,102,6,1,"2011-08-30 00:00:00:000000","0","1"
1,329,1060,"0","PANTALONI UOMO        ","PANTALONI UOMO        ",4,0,0,0,0,2,"F",1,1,0,0,6,6,102,6,1,"2011-08-30 00:00:00:000000","0","1"
1,331,1060,"0","CAMICERIA UOMO        ","CAMICERIA UOMO        ",4,0,0,0,0,2,"F",1,1,0,0,6,6,102,6,1,"2011-08-30 00:00:00:000000","0","1"
1,333,1060,"0","CAPI SPALLA UOMO      ","CAPI SPALLA UOMO      ",4,0,0,0,0,2,"F",1,1,0,0,6,6,102,6,1,"2011-08-30 00:00:00:000000","0","1"
1,335,1060,"0","ABB.TO LAVORO/UOMO    ","ABB.TO LAVORO/UOMO    ",4,0,0,0,0,2,"F",1,1,0,0,6,6,102,6,1,"2011-08-30 00:00:00:000000","0","1"
1,337,1060,"0","ACCESSORI ABBIG.UOMO  ","ACCESSORI ABBIG.UOMO  ",4,0,0,0,0,2,"F",1,1,0,0,6,6,102,6,1,"2011-08-30 00:00:00:000000","0","1"
1,339,1060,"0","INTIMO GIORNO 3       ","INTIMO GIORNO 3-12 BA ",4,0,0,0,0,2,"F",1,1,0,0,6,6,102,6,1,"2011-08-30 00:00:00:000000","0","1"
1,341,1060,"0","INTIMO NOTTE 3-       ","INTIMO NOTTE 3-12 BAM ",4,0,0,0,0,2,"F",1,1,0,0,6,6,102,6,1,"2011-08-30 00:00:00:000000","0","1"
1,343,1060,"0","CALZETTERIA 3-1       ","CALZETTERIA 3-12 BAMB ",4,0,0,0,0,2,"F",1,1,0,0,6,6,102,6,1,"2011-08-30 00:00:00:000000","0","1"
1,353,1060,"0","ACCESS. ABB.TO        ","ACCESS. ABB.TO 3-12 B ",4,0,0,0,0,2,"F",1,1,0,0,6,6,102,6,1,"2011-08-30 00:00:00:000000","0","1"
1,355,1060,"0","GREMBIULI BAMBI       ","GREMBIULI BAMBINI     ",4,0,0,0,0,2,"F",1,1,0,0,6,6,102,6,1,"2011-08-30 00:00:00:000000","0","1"
1,357,1060,"0","INTIMO NEONATO        ","INTIMO NEONATO 0-24 M ",4,0,0,0,0,2,"F",1,1,0,0,6,6,102,6,1,"2011-08-30 00:00:00:000000","0","1"
1,359,1060,"0","CALZETTERIA 0-2       ","CALZETTERIA 0-24 MESI ",4,0,0,0,0,2,"F",1,1,0,0,6,6,102,6,1,"2011-08-30 00:00:00:000000","0","1"
1,363,1060,"0","PICC. PUERICULT       ","PICC. PUERICULTURA    ",4,0,0,0,0,2,"F",1,1,0,0,6,6,102,6,1,"2011-08-30 00:00:00:000000","0","1"
1,424,1060,"0","INTIMO NOTTE NEONATO  ","INTIMO NOTTE NEONATO  ",4,0,0,0,0,2,"F",1,1,0,0,6,6,102,6,1,"2011-08-30 00:00:00:000000","0","1"
1,425,1060,"0","FERRAMENTA            ","FERRAMENTA            ",4,0,0,0,0,2,"F",1,1,0,0,6,6,102,6,1,"2011-08-30 00:00:00:000000","0","1"
1,427,1060,"0","UTENSILERIA MAN       ","UTENSILERIA MANUALE   ",4,0,0,0,0,2,"F",1,1,0,0,6,6,102,6,1,"2011-08-30 00:00:00:000000","0","1"
1,428,1060,"0","SICUREZZA             ","SICUREZZA             ",4,0,0,0,0,2,"F",1,1,0,0,6,6,102,6,1,"2011-08-30 00:00:00:000000","0","1"
1,429,1060,"0","ATTREZZI ELETTR       ","ATTREZZI ELETTRICI    ",4,0,0,0,0,2,"F",1,1,0,0,6,6,102,6,1,"2011-08-30 00:00:00:000000","0","1"
1,431,1060,"0","ELETTRICITA'          ","ELETTRICITA'          ",4,0,0,0,0,2,"F",1,1,0,0,6,6,102,6,1,"2011-08-30 00:00:00:000000","0","1"
1,432,1060,"0","ABB.TO ESTERNO NEONATO","ABB.TO ESTERNO NEONATO",4,0,0,0,0,2,"F",1,1,0,0,6,6,102,6,1,"2011-08-30 00:00:00:000000","0","1"
1,433,1060,"0","LAMPADE               ","LAMPADE               ",4,0,0,0,0,2,"F",1,1,0,0,6,6,102,6,1,"2011-08-30 00:00:00:000000","0","1"
1,434,1060,"0","ABB.TO ESTERNO NEONATA","ABB.TO ESTERNO NEONATA",4,0,0,0,0,2,"F",1,1,0,0,6,6,102,6,1,"2011-08-30 00:00:00:000000","0","1"
1,435,1060,"0","PILE                  ","PILE                  ",4,0,0,0,0,2,"F",1,1,0,0,6,6,102,6,1,"2011-08-30 00:00:00:000000","0","1"
1,387,1060,"0","PELLETTERIA E O       ","PELLETTERIA E OMBRELL ",4,0,0,0,0,2,"F",1,1,0,0,6,6,102,6,1,"2011-08-30 00:00:00:000000","0","1"
1,393,1060,"0","GIOIELLERIA           ","GIOIELLERIA           ",4,0,0,0,0,2,"F",1,1,0,0,6,6,102,6,1,"2011-08-30 00:00:00:000000","0","1"
1,395,1060,"0","PANTOFOLE BIMBO       ","PANTOFOLE BIMBO/A     ",4,0,0,0,0,2,"F",1,1,0,0,6,6,102,6,1,"2011-08-30 00:00:00:000000","0","1"
1,397,1060,"0","PANTOFOLE DONNA       ","PANTOFOLE DONNA       ",4,0,0,0,0,2,"F",1,1,0,0,6,6,102,6,1,"2011-08-30 00:00:00:000000","0","1"
1,399,1060,"0","PANTOFOLE UOMO        ","PANTOFOLE UOMO        ",4,0,0,0,0,2,"F",1,1,0,0,6,6,102,6,1,"2011-08-30 00:00:00:000000","0","1"
1,401,1060,"0","CALZATURE BIMBO       ","CALZATURE BIMBO       ",4,0,0,0,0,2,"F",1,1,0,0,6,6,102,6,1,"2011-08-30 00:00:00:000000","0","1"
1,403,1060,"0","CALZATURE DONNA       ","CALZATURE DONNA       ",4,0,0,0,0,2,"F",1,1,0,0,6,6,102,6,1,"2011-08-30 00:00:00:000000","0","1"
1,405,1060,"0","CALZATURE UOMO        ","CALZATURE UOMO        ",4,0,0,0,0,2,"F",1,1,0,0,6,6,102,6,1,"2011-08-30 00:00:00:000000","0","1"
1,407,1060,"0","CIABATTE MARE E       ","CIABATTE MARE E ZOCCO ",4,0,0,0,0,2,"F",1,1,0,0,6,6,102,6,1,"2011-08-30 00:00:00:000000","0","1"
1,409,1060,"0","ACCESSORI CALZA       ","ACCESSORI CALZATURE   ",4,0,0,0,0,2,"F",1,1,0,0,6,6,102,6,1,"2011-08-30 00:00:00:000000","0","1"
1,411,1060,"0","BAGNO TESSILE         ","BAGNO TESSILE         ",4,0,0,0,0,2,"F",1,1,0,0,6,6,102,6,1,"2011-08-30 00:00:00:000000","0","1"
1,413,1060,"0","CUCINA TESSILE        ","CUCINA TESSILE        ",4,0,0,0,0,2,"F",1,1,0,0,6,6,102,6,1,"2011-08-30 00:00:00:000000","0","1"
1,415,1060,"0","TAVOLA TESSILE        ","TAVOLA TESSILE        ",4,0,0,0,0,2,"F",1,1,0,0,6,6,102,6,1,"2011-08-30 00:00:00:000000","0","1"
1,417,1060,"0","LENZUOLA              ","LENZUOLA              ",4,0,0,0,0,2,"F",1,1,0,0,6,6,102,6,1,"2011-08-30 00:00:00:000000","0","1"
1,419,1060,"0","COPERTE PLAID T       ","COPERTE PLAID TRAP. P ",4,0,0,0,0,2,"F",1,1,0,0,6,6,102,6,1,"2011-08-30 00:00:00:000000","0","1"
1,421,1060,"0","ACCESSORI LETTO       ","ACCESSORI LETTO       ",4,0,0,0,0,2,"F",1,1,0,0,6,6,102,6,1,"2011-08-30 00:00:00:000000","0","1"
1,423,1060,"0","ACCESSORI TESSI       ","ACCESSORI TESSILE CAS ",4,0,0,0,0,2,"F",1,1,0,0,6,6,102,6,1,"2011-08-30 00:00:00:000000","0","1"
1,467,1060,"0","IRRIGAZIONE           ","IRRIGAZIONE           ",4,0,0,0,0,2,"F",1,1,0,0,6,6,102,6,1,"2011-08-30 00:00:00:000000","0","1"
1,469,1060,"0","PIATTI                ","PIATTI                ",4,0,0,0,0,2,"F",1,1,0,0,6,6,102,6,1,"2011-08-30 00:00:00:000000","0","1"
1,471,1060,"0","BICCHIERI             ","BICCHIERI             ",4,0,0,0,0,2,"F",1,1,0,0,6,6,102,6,1,"2011-08-30 00:00:00:000000","0","1"
1,473,1060,"0","COMPLEMENTI TAV       ","COMPLEMENTI TAVOLA    ",4,0,0,0,0,2,"F",1,1,0,0,6,6,102,6,1,"2011-08-30 00:00:00:000000","0","1"
1,475,1060,"0","POSATERIA             ","POSATERIA             ",4,0,0,0,0,2,"F",1,1,0,0,6,6,102,6,1,"2011-08-30 00:00:00:000000","0","1"
1,477,1060,"0","TAZZE E COMPLEM       ","TAZZE E COMPLEMENTI   ",4,0,0,0,0,2,"F",1,1,0,0,6,6,102,6,1,"2011-08-30 00:00:00:000000","0","1"
1,481,1060,"0","COTTURA SERIE         ","COTTURA SERIE         ",4,0,0,0,0,2,"F",1,1,0,0,6,6,102,6,1,"2011-08-30 00:00:00:000000","0","1"
1,483,1060,"0","COTTURA VARIE         ","COTTURA VARIE         ",4,0,0,0,0,2,"F",1,1,0,0,6,6,102,6,1,"2011-08-30 00:00:00:000000","0","1"
1,485,1060,"0","COTTURA A FORNO       ","COTTURA A FORNO       ",4,0,0,0,0,2,"F",1,1,0,0,6,6,102,6,1,"2011-08-30 00:00:00:000000","0","1"
1,487,1060,"0","PREPARAZIONE CI       ","PREPARAZIONE CIBI     ",4,0,0,0,0,2,"F",1,1,0,0,6,6,102,6,1,"2011-08-30 00:00:00:000000","0","1"
1,436,1060,"0","ABB.TO ESTERNO BIMBO  ","ABB.TO ESTERNO BIMBO  ",4,0,0,0,0,2,"F",1,1,0,0,6,6,102,6,1,"2011-08-30 00:00:00:000000","0","1"
1,437,1060,"0","MANUTENZIONE          ","MANUTENZIONE          ",4,0,0,0,0,2,"F",1,1,0,0,6,6,102,6,1,"2011-08-30 00:00:00:000000","0","1"
1,438,1060,"0","ABB.TO ESTERNO BIMBA  ","ABB.TO ESTERNO BIMBA  ",4,0,0,0,0,2,"F",1,1,0,0,6,6,102,6,1,"2011-08-30 00:00:00:000000","0","1"
1,439,1060,"0","DECORAZIONE           ","DECORAZIONE           ",4,0,0,0,0,2,"F",1,1,0,0,6,6,102,6,1,"2011-08-30 00:00:00:000000","0","1"
1,441,1060,"0","RIPARAZIONE/RIC       ","RIPARAZIONE/RICAMBI   ",4,0,0,0,0,2,"F",1,1,0,0,6,6,102,6,1,"2011-08-30 00:00:00:000000","0","1"
1,444,1060,"0","CAMINETTO/RISCALDAMENT","CAMINETTO/RISCALDAMENT",4,0,0,0,0,2,"F",1,1,0,0,6,6,102,6,1,"2011-08-30 00:00:00:000000","0","1"
1,445,1060,"0","PRODOTTI PER MA       ","PRODOTTI PER MANUT.NE ",4,0,0,0,0,2,"F",1,1,0,0,6,6,102,6,1,"2011-08-30 00:00:00:000000","0","1"
1,447,1060,"0","RICAMBI/ATTREZZ       ","RICAMBI/ATTREZZI AUTO ",4,0,0,0,0,2,"F",1,1,0,0,6,6,102,6,1,"2011-08-30 00:00:00:000000","0","1"
1,449,1060,"0","ACCESSORI AUTO        ","ACCESSORI AUTO        ",4,0,0,0,0,2,"F",1,1,0,0,6,6,102,6,1,"2011-08-30 00:00:00:000000","0","1"
1,451,1060,"0","PULIZIA AUTO          ","PULIZIA AUTO          ",4,0,0,0,0,2,"F",1,1,0,0,6,6,102,6,1,"2011-08-30 00:00:00:000000","0","1"
1,452,1060,"0","CALZE SPORTIVE        ","CALZE SPORTIVE        ",4,0,0,0,0,2,"F",1,1,0,0,6,6,102,6,1,"2011-08-30 00:00:00:000000","0","1"
1,453,1060,"0","SICUREZZA AUTO        ","SICUREZZA AUTO        ",4,0,0,0,0,2,"F",1,1,0,0,6,6,102,6,1,"2011-08-30 00:00:00:000000","0","1"
1,455,1060,"0","ACCESSORI ESTER       ","ACCESSORI ESTERNI AUT ",4,0,0,0,0,2,"F",1,1,0,0,6,6,102,6,1,"2011-08-30 00:00:00:000000","0","1"
1,459,1060,"0","ATTREZZI MOTORE       ","ATTREZZI MOTORE       ",4,0,0,0,0,2,"F",1,1,0,0,6,6,102,6,1,"2011-08-30 00:00:00:000000","0","1"
1,461,1060,"0","UTENSILI GIARDI       ","UTENSILI GIARDINAGGIO ",4,0,0,0,0,2,"F",1,1,0,0,6,6,102,6,1,"2011-08-30 00:00:00:000000","0","1"
1,463,1060,"0","PRODOTTI CHIMIC       ","PRODOTTI CHIMICI/NUTR ",4,0,0,0,0,2,"F",1,1,0,0,6,6,102,6,1,"2011-08-30 00:00:00:000000","0","1"
1,465,1060,"0","CONTENITORI GIA       ","CONTENITORI GIARDINAG ",4,0,0,0,0,2,"F",1,1,0,0,6,6,102,6,1,"2011-08-30 00:00:00:000000","0","1"
1,527,1060,"0","INFANZIA E PRESCOLARE ","INFANZIA E PRESCOLARE ",4,0,0,0,0,2,"F",1,1,0,0,6,6,102,6,1,"2011-08-30 00:00:00:000000","0","1"
1,529,1060,"0","PELOUCHE              ","PELOUCHE              ",4,0,0,0,0,2,"F",1,1,0,0,6,6,102,6,1,"2011-08-30 00:00:00:000000","0","1"
1,531,1060,"0","COSTRUZIONI           ","COSTRUZIONI           ",4,0,0,0,0,2,"F",1,1,0,0,6,6,102,6,1,"2011-08-30 00:00:00:000000","0","1"
1,533,1060,"0","GIOCHI DI GRUPP       ","GIOCHI DI GRUPPO      ",4,0,0,0,0,2,"F",1,1,0,0,6,6,102,6,1,"2011-08-30 00:00:00:000000","0","1"
1,534,1060,"0","RETI E MATERASSI      ","RETI E MATERASSI      ",4,0,0,0,0,2,"F",1,1,0,0,6,6,102,6,1,"2011-08-30 00:00:00:000000","0","1"
1,535,1060,"0","BAMBINA GIOCATT","BAMBINA GIOCATTOLO",4,0,0,0,0,2,"F",1,1,0,0,6,6,0,6,1,"2011-08-30 00:00:00:000000","0","1"
1,537,1060,"0","BAMBINO GIOCATT       ","BAMBINO GIOCATTOLO    ",4,0,0,0,0,2,"F",1,1,0,0,6,6,102,6,1,"2011-08-30 00:00:00:000000","0","1"
1,538,1060,"0","COMPLEMENTI D'INTERNO ","COMPLEMENTI D'INTERNO ",4,0,0,0,0,2,"F",1,1,0,0,6,6,102,6,1,"2011-08-30 00:00:00:000000","0","1"
1,539,1060,"0","LOCOMOZIONE GIO       ","LOCOMOZIONE GIOCATTOL ",4,0,0,0,0,2,"F",1,1,0,0,6,6,102,6,1,"2011-08-30 00:00:00:000000","0","1"
1,541,1060,"0","MARE/SPIAGGIA G       ","MARE/SPIAGGIA GIOCATT ",4,0,0,0,0,2,"F",1,1,0,0,6,6,102,6,1,"2011-08-30 00:00:00:000000","0","1"
1,489,1060,"0","ACCESSORI CUCIN       ","ACCESSORI CUCINA      ",4,0,0,0,0,2,"F",1,1,0,0,6,6,102,6,1,"2011-08-30 00:00:00:000000","0","1"
1,491,1060,"0","ACCESSORI ENOTECA     ","ACCESSORI ENOTECA     ",4,0,0,0,0,2,"F",1,1,0,0,6,6,102,6,1,"2011-08-30 00:00:00:000000","0","1"
1,493,1060,"0","CONSERVAZIONE CUCINA  ","CONSERVAZIONE CUCINA  ",4,0,0,0,0,2,"F",1,1,0,0,6,6,102,6,1,"2011-08-30 00:00:00:000000","0","1"
1,496,1005,"0","ACCESSORI PULIZIA CASA","ACCESSORI PULIZIA CASA",4,0,0,0,0,2,"F",1,1,0,0,6,6,102,6,1,"2012-01-01 06:00:00:000000","0","1"
1,497,1060,"0","BAGNO CASA ARRE       ","BAGNO CASA ARREDO     ",4,0,0,0,0,2,"F",1,1,0,0,6,6,102,6,1,"2011-08-30 00:00:00:000000","0","1"
1,499,1060,"0","MOBILI                ","MOBILI                ",4,0,0,0,0,2,"F",1,1,0,0,6,6,102,6,1,"2011-08-30 00:00:00:000000","0","1"
1,501,1060,"0","TAPPETI CASA AR       ","TAPPETI CASA ARREDO   ",4,0,0,0,0,2,"F",1,1,0,0,6,6,102,6,1,"2011-08-30 00:00:00:000000","0","1"
1,502,1060,"0","CANDELE ED ESSENZE    ","CANDELE ED ESSENZE    ",4,0,0,0,0,2,"F",1,1,0,0,6,6,102,6,1,"2011-08-30 00:00:00:000000","0","1"
1,505,1060,"0","ILLUMINAZIONE         ","ILLUMINAZIONE         ",4,0,0,0,0,2,"F",1,1,0,0,6,6,102,6,1,"2011-08-30 00:00:00:000000","0","1"
1,507,1060,"0","CAMPING               ","CAMPING               ",4,0,0,0,0,2,"F",1,1,0,0,6,6,102,6,1,"2011-08-30 00:00:00:000000","0","1"
1,509,1060,"0","PIC NIC               ","PIC NIC               ",4,0,0,0,0,2,"F",1,1,0,0,6,6,102,6,1,"2011-08-30 00:00:00:000000","0","1"
1,511,1060,"0","GIARD./TERRAZZO       ","GIARD./TERRAZZO TEMPO ",4,0,0,0,0,2,"F",1,1,0,0,6,6,102,6,1,"2011-08-30 00:00:00:000000","0","1"
1,515,1060,"0","ATTREZ. PALESTR       ","ATTREZ. PALESTRA      ",4,0,0,0,0,2,"F",1,1,0,0,6,6,102,6,1,"2011-08-30 00:00:00:000000","0","1"
1,517,1060,"0","ATTREZZ. ALTRI        ","ATTREZZ. ALTRI SPORT  ",4,0,0,0,0,2,"F",1,1,0,0,6,6,102,6,1,"2011-08-30 00:00:00:000000","0","1"
1,518,1060,"0","ARTICOLI WELLNESS     ","ARTICOLI WELLNESS     ",4,0,0,0,0,2,"F",1,1,0,0,6,6,102,6,1,"2011-08-30 00:00:00:000000","0","1"
1,519,1060,"0","CACCIA E PESCA        ","CACCIA E PESCA        ",4,0,0,0,0,2,"F",1,1,0,0,6,6,102,6,1,"2011-08-30 00:00:00:000000","0","1"
1,523,1060,"0","VIAGGIO               ","VIAGGIO               ",4,0,0,0,0,2,"F",1,1,0,0,6,6,102,6,1,"2011-08-30 00:00:00:000000","0","1"
1,568,1060,"0","RIPONIMENTO / SCALE   ","RIPONIMENTO / SCALE   ",4,0,0,0,0,2,"F",1,1,0,0,6,6,102,6,1,"2011-08-30 00:00:00:000000","0","1"
1,569,1060,"0","COMPUTER              ","COMPUTER              ",4,0,0,0,0,2,"F",1,1,0,0,6,6,102,6,1,"2011-08-30 00:00:00:000000","0","1"
1,571,1060,"0","SOFTWARE              ","SOFTWARE              ",4,0,0,0,0,2,"F",1,1,0,0,6,6,102,6,1,"2011-08-30 00:00:00:000000","0","1"
1,573,1060,"0","STAMPANTI             ","STAMPANTI             ",4,0,0,0,0,2,"F",1,1,0,0,6,6,102,6,1,"2011-08-30 00:00:00:000000","0","1"
1,574,1060,"0","PRODOTTI EST./INV.    ","PRODOTTI EST./INV.    ",4,0,0,0,0,2,"F",1,1,0,0,6,6,102,6,1,"2011-08-30 00:00:00:000000","0","1"
1,575,1060,"0","PERIFERICHE           ","PERIFERICHE           ",4,0,0,0,0,2,"F",1,1,0,0,6,6,102,6,1,"2011-08-30 00:00:00:000000","0","1"
1,577,1060,"0","ACCESSORI INFOR       ","ACCESSORI INFORMATICI ",4,0,0,0,0,2,"F",1,1,0,0,6,6,102,6,1,"2011-08-30 00:00:00:000000","0","1"
1,581,1060,"0","HIFI SUONO            ","HIFI SUONO            ",4,0,0,0,0,2,"F",1,1,0,0,6,6,102,6,1,"2011-08-30 00:00:00:000000","0","1"
1,583,1060,"0","PICCOLO SUONO         ","PICCOLO SUONO         ",4,0,0,0,0,2,"F",1,1,0,0,6,6,102,6,1,"2011-08-30 00:00:00:000000","0","1"
1,585,1060,"0","SUONO AUTO            ","SUONO AUTO            ",4,0,0,0,0,2,"F",1,1,0,0,6,6,102,6,1,"2011-08-30 00:00:00:000000","0","1"
1,543,1060,"0","GIOCHI CONSOLLE       ","GIOCHI CONSOLLE       ",4,0,0,0,0,2,"F",1,1,0,0,6,6,102,6,1,"2011-08-30 00:00:00:000000","0","1"
1,545,1060,"0","ADDOBBO NATALIZ       ","ADDOBBO NATALIZIO     ",4,0,0,0,0,2,"F",1,1,0,0,6,6,102,6,1,"2011-08-30 00:00:00:000000","0","1"
1,546,1060,"0","PULIZIA SERVIZIO      ","PULIZIA SERVIZIO      ",4,0,0,0,0,2,"F",1,1,0,0,6,6,102,6,1,"2011-08-30 00:00:00:000000","0","1"
1,547,1060,"0","CONTENITORI SCU       ","CONTENITORI SCUOLA    ",4,0,0,0,0,2,"F",1,1,0,0,6,6,102,6,1,"2011-08-30 00:00:00:000000","0","1"
1,548,1060,"0","STENDERE              ","STENDERE              ",4,0,0,0,0,2,"F",1,1,0,0,6,6,102,6,1,"2011-08-30 00:00:00:000000","0","1"
1,549,1060,"0","CARTA                 ","CARTA                 ",4,0,0,0,0,2,"F",1,1,0,0,6,6,102,6,1,"2011-08-30 00:00:00:000000","0","1"
1,550,1060,"0","STIRARE               ","STIRARE               ",4,0,0,0,0,2,"F",1,1,0,0,6,6,102,6,1,"2011-08-30 00:00:00:000000","0","1"
1,551,1060,"0","CARTA RICORRENZ       ","CARTA RICORRENZE      ",4,0,0,0,0,2,"F",1,1,0,0,6,6,102,6,1,"2011-08-30 00:00:00:000000","0","1"
1,552,1060,"0","RIPORRE               ","RIPORRE               ",4,0,0,0,0,2,"F",1,1,0,0,6,6,102,6,1,"2011-08-30 00:00:00:000000","0","1"
1,553,1060,"0","MATERIALI PER D       ","MATERIALI PER DISEGNO ",4,0,0,0,0,2,"F",1,1,0,0,6,6,102,6,1,"2011-08-30 00:00:00:000000","0","1"
1,555,1060,"0","SCRITTURA             ","SCRITTURA             ",4,0,0,0,0,2,"F",1,1,0,0,6,6,102,6,1,"2011-08-30 00:00:00:000000","0","1"
1,557,1060,"0","CARTA PER UFFIC       ","CARTA PER UFFICIO     ",4,0,0,0,0,2,"F",1,1,0,0,6,6,102,6,1,"2011-08-30 00:00:00:000000","0","1"
1,559,1060,"0","ACCESSORI PER U       ","ACCESSORI PER UFFICIO ",4,0,0,0,0,2,"F",1,1,0,0,6,6,102,6,1,"2011-08-30 00:00:00:000000","0","1"
1,561,1060,"0","CONTENITORI DI        ","CONTENITORI DI IMMAGI ",4,0,0,0,0,2,"F",1,1,0,0,6,6,102,6,1,"2011-08-30 00:00:00:000000","0","1"
1,563,1060,"0","LETTURA               ","LETTURA               ",0,0,0,0,0,2,"F",1,1,0,0,6,6,102,6,1,"2011-08-30 00:00:00:000000","0","1"
1,565,1060,"0","ASCOLTO               ","ASCOLTO               ",4,0,0,0,0,2,"F",1,1,0,0,6,6,102,6,1,"2011-08-30 00:00:00:000000","0","1"
1,567,1060,"0","VISIONE               ","VISIONE               ",4,0,0,0,0,2,"F",1,1,0,0,6,6,102,6,1,"2011-08-30 00:00:00:000000","0","1"
1,617,1060,"0","CONDIZIONAMENTO       ","CONDIZIONAMENTO       ",4,0,0,0,0,2,"F",1,1,0,0,6,6,102,6,1,"2011-08-30 00:00:00:000000","0","1"
1,619,1060,"0","LAVAGGIO              ","LAVAGGIO              ",4,0,0,0,0,2,"F",1,1,0,0,6,6,102,6,1,"2011-08-30 00:00:00:000000","0","1"
1,621,1060,"0","CONSERVAZIONE G       ","CONSERVAZIONE GED     ",4,0,0,0,0,2,"F",1,1,0,0,6,6,102,6,1,"2011-08-30 00:00:00:000000","0","1"
1,623,1060,"0","COTTURA GED           ","COTTURA GED           ",4,0,0,0,0,2,"F",1,1,0,0,6,6,102,6,1,"2011-08-30 00:00:00:000000","0","1"
1,625,1060,"0","INCASSO GED           ","INCASSO GED           ",4,0,0,0,0,2,"F",1,1,0,0,6,6,102,6,1,"2011-08-30 00:00:00:000000","0","1"
1,656,1060,"0","CARNEVALE/CAPODANNO   ","CARNEVALE CAPODANNO   ",4,0,0,0,0,2,"F",1,1,0,0,6,6,102,6,1,"2011-08-30 00:00:00:000000","0","1"
1,666,1060,"0","BELLE ARTI            ","BELLE ARTI            ",4,0,0,0,0,2,"F",1,1,0,0,6,6,102,6,1,"2011-08-30 00:00:00:000000","0","1"
1,667,1060,"0","GADGET                ","GADGET                ",4,0,0,0,0,2,"F",1,1,0,0,6,6,102,6,1,"2011-08-30 00:00:00:000000","0","1"
1,702,1060,"0","PERIFERICHE TV        ","PERIFERICHE TV        ",4,0,0,0,0,2,"F",1,1,0,0,6,6,102,6,1,"2011-08-30 00:00:00:000000","0","1"
1,710,1060,"0","TELEFONI CELLULARI    ","TELEFONI CELLULARI    ",4,0,0,0,0,2,"F",1,1,0,0,6,6,102,6,1,"2011-08-30 00:00:00:000000","0","1"
1,587,1060,"0","STRUMENTI MUSIC       ","STRUMENTI MUSICALI    ",4,0,0,0,0,2,"F",1,1,0,0,6,6,102,6,1,"2011-08-30 00:00:00:000000","0","1"
1,589,1060,"0","ACCESSORI SUONO       ","ACCESSORI SUONO       ",4,0,0,0,0,2,"F",1,1,0,0,6,6,102,6,1,"2011-08-30 00:00:00:000000","0","1"
1,591,1060,"0","TV                    ","TV                    ",4,0,0,0,0,2,"F",1,1,0,0,6,6,102,6,1,"2011-08-30 00:00:00:000000","0","1"
1,595,1060,"0","VIDEOCAMERE           ","VIDEOCAMERE           ",4,0,0,0,0,2,"F",1,1,0,0,6,6,102,6,1,"2011-08-30 00:00:00:000000","0","1"
1,596,1060,"0","GONFIABILI E NAUTICA  ","GONFIABILI E NAUTICA  ",4,0,0,0,0,2,"F",1,1,0,0,6,6,102,6,1,"2011-08-30 00:00:00:000000","0","1"
1,597,1060,"0","ACCESSORI TV/VI       ","ACCESSORI TV/VIDEO    ",4,0,0,0,0,2,"F",1,1,0,0,6,6,102,6,1,"2011-08-30 00:00:00:000000","0","1"
1,599,1060,"0","FOTO                  ","FOTO                  ",4,0,0,0,0,2,"F",1,1,0,0,6,6,102,6,1,"2011-08-30 00:00:00:000000","0","1"
1,600,1060,"0","BICICLETTE            ","BICICLETTE            ",4,0,0,0,0,2,"F",1,1,0,0,6,6,102,6,1,"2011-08-30 00:00:00:000000","0","1"
1,601,1060,"0","OTTICA                ","OTTICA                ",4,0,0,0,0,2,"F",1,1,0,0,6,6,102,6,1,"2011-08-30 00:00:00:000000","0","1"
1,602,1060,"0","ACCESSORI CICLI       ","ACCESSORI CICLI       ",4,0,0,0,0,2,"F",1,1,0,0,6,6,102,6,1,"2011-08-30 00:00:00:000000","0","1"
1,603,1060,"0","OROLOGI               ","OROLOGI               ",4,0,0,0,0,2,"F",1,1,0,0,6,6,102,6,1,"2011-08-30 00:00:00:000000","0","1"
1,607,1060,"0","COTTURA PED           ","COTTURA PED           ",4,0,0,0,0,2,"F",1,1,0,0,6,6,102,6,1,"2011-08-30 00:00:00:000000","0","1"
1,608,1060,"0","MOTO                  ","MOTO                  ",4,0,0,0,0,2,"F",1,1,0,0,6,6,102,6,1,"2011-08-30 00:00:00:000000","0","1"
1,609,1060,"0","CUCINA PED            ","CUCINA PED            ",4,0,0,0,0,2,"F",1,1,0,0,6,6,102,6,1,"2011-08-30 00:00:00:000000","0","1"
1,611,1060,"0","PULIZIA PED           ","PULIZIA PED           ",4,0,0,0,0,2,"F",1,1,0,0,6,6,102,6,1,"2011-08-30 00:00:00:000000","0","1"
1,613,1060,"0","CURA D. PERSONA       ","CURA D. PERSONA PED   ",4,0,0,0,0,2,"F",1,1,0,0,6,6,102,6,1,"2011-08-30 00:00:00:000000","0","1"
1,615,1060,"0","SARTORIA PED          ","SARTORIA PED          ",4,0,0,0,0,2,"F",1,1,0,0,6,6,102,6,1,"2011-08-30 00:00:00:000000","0","1"
1,937,1060,"0","SMALTIMENTI RP PERSONA","SMALTIMENTI RP PERSONA",4,0,0,0,0,2,"F",1,1,0,0,6,6,102,6,1,"2011-08-30 00:00:00:000000","0","1"
1,938,1060,"0","VENTITE A RP CASA     ","VENDITE A RP CASA     ",4,0,0,0,0,2,"F",1,1,0,0,6,6,102,6,1,"2011-08-30 00:00:00:000000","0","1"
1,939,1060,"0","SMALTIMENTI RP CASA   ","SMALTIMENTI RP CASA   ",4,0,0,0,0,2,"F",1,1,0,0,6,6,102,6,1,"2011-08-30 00:00:00:000000","0","1"
1,940,1060,"0","VENDITE RP STAG.BRICO ","VENDITE RP STAG.BRICO ",4,0,0,0,0,2,"F",1,1,0,0,6,6,102,6,1,"2011-08-30 00:00:00:000000","0","1"
1,941,1060,"0","SMALTIMENTI RP STAG.BR","SMALTIMENTI RP STAG.BR",4,0,0,0,0,2,"F",1,1,0,0,6,6,102,6,1,"2011-08-30 00:00:00:000000","0","1"
1,942,1060,"0","VENDITE RP MULTIMEDIA ","VENDITE RP MULTIMEDIA ",4,0,0,0,0,2,"F",1,1,0,0,6,6,102,6,1,"2011-08-30 00:00:00:000000","0","1"
1,943,1060,"0","SMALTIMENTI MULTIMEDIA","SMALTIMENTI MULTIMEDIA",4,0,0,0,0,2,"F",1,1,0,0,6,6,102,6,1,"2011-08-30 00:00:00:000000","0","1"
1,944,1060,"0","VENDITE RP CARBURANTI ","VENDITE RP CARBURANTI ",4,0,0,0,0,2,"F",1,1,0,0,6,6,102,6,1,"2011-08-30 00:00:00:000000","0","1"
1,953,1060,"0","TESTI SCOLASTICI      ","TESTI SCOLASTICI      ",0,0,0,0,0,2,"F",1,1,0,0,6,6,102,6,1,"2011-08-30 00:00:00:000000","0","1"
1,760,1070,"0","MEDICINALI iva 10%    ","MEDICINALI iva 10%    ",3,0,0,0,0,2,"F",1,1,0,0,0,0,0,0,1,"2011-08-30 00:00:00:000000","0","1"
1,712,1060,"0","TELEFONI ABITAZIONE   ","TELEFONI ABITAZIONE   ",4,0,0,0,0,2,"F",1,1,0,0,6,6,102,6,1,"2011-08-30 00:00:00:000000","0","1"
1,714,1060,"0","ACCESSORI             ","ACCESSORI             ",4,0,0,0,0,2,"F",1,1,0,0,6,6,102,6,1,"2011-08-30 00:00:00:000000","0","1"
1,736,1060,"0","SVILUPPO FOTO         ","SVILUPPO FOTO         ",4,0,0,0,0,2,"F",1,1,0,0,6,6,102,6,1,"2011-08-30 00:00:00:000000","0","1"
1,738,1060,"0","SERVIZI TELEFONICI    ","SERVIZI TELEFONICI    ",4,0,0,0,0,2,"F",1,1,0,0,6,6,102,6,1,"2011-08-30 00:00:00:000000","0","1"
1,740,1060,"0","SERVIZI TV            ","SERVIZI TV            ",4,0,0,0,0,2,"F",1,1,0,0,6,6,102,6,1,"2011-08-30 00:00:00:000000","0","1"
1,742,1060,"0","VENDITA BIGLIETTI     ","VENDITA BIGLIETTI     ",4,0,0,0,0,2,"F",1,1,0,0,6,6,102,6,1,"2011-08-30 00:00:00:000000","0","1"
1,744,1060,"0","CONSEGNE A DOMICILIO  ","CONSEGNE A DOMICILIO  ",4,0,0,0,0,2,"F",1,1,0,0,6,6,102,6,1,"2011-08-30 00:00:00:000000","0","1"
1,746,1060,"0","ESTENSIONE GARANZIA   ","ESTENSIONE GARANZIA   ",4,0,0,0,0,2,"F",1,1,0,0,6,6,102,6,1,"2011-08-30 00:00:00:000000","0","1"
1,758,1060,"0","EROGAZIONE CARBURANTI ","EROGAZIONE CARBURANTI ",4,0,0,0,0,2,"F",1,1,0,0,6,6,102,6,1,"2011-08-30 00:00:00:000000","0","1"
1,799,1060,"0","SERVIZI               ","SERVIZI               ",0,0,0,0,0,2,"F",1,1,0,0,0,0,0,0,1,"2011-08-30 00:00:00:000000","0","1"
1,801,1060,"0","BOLLETTE              ","BOLLETTE              ",0,0,0,0,0,2,"F",1,1,0,0,0,0,0,0,1,"2011-08-30 00:00:00:000000","0","1"
1,803,1060,"0","CARTE SOLIDARIETA     ","CARTE SOLIDARIETA     ",0,0,0,0,0,2,"F",1,1,0,0,0,0,0,0,1,"2011-08-30 00:00:00:000000","0","1"
1,805,1060,"0","CARTE PREPAGATE       ","CARTE PREPAGATE       ",0,0,0,0,0,2,"F",1,1,0,0,0,0,0,0,1,"2011-08-30 00:00:00:000000","0","1"
1,851,1060,"0","EDICOLA","EDICOLA",0,0,0,0,0,2,"F",1,0,0,0,0,0,38,6,1,"2011-08-30 00:00:00:000000","0","1"
1,895,1060,"0","POSTVENDITA           ","POSTVENDITA           ",4,0,0,0,0,2,"F",1,1,0,0,6,6,102,6,1,"2011-08-30 00:00:00:000000","0","1"
1,913,1060,"0","MAT.CONF PERSONA      ","MAT.CONF PERSONA      ",4,0,0,0,0,2,"F",1,1,0,0,6,6,102,6,1,"2011-08-30 00:00:00:000000","0","1"
1,936,1060,"0","VENDITE A RP PERSONA  ","VENDITE A RP PERSONA  ",4,0,0,0,0,2,"F",1,1,0,0,6,6,102,6,1,"2011-08-30 00:00:00:000000","0","1"
1,772,1070,"0","IGIENE PERSONALE      ","IGIENE PERSONALE      ",4,0,0,0,0,2,"F",1,1,0,0,6,6,102,6,1,"2011-08-30 00:00:00:000000","0","1"
1,773,1070,"0","IGIENE ORALE          ","IGIENE ORALE          ",4,0,0,0,0,2,"F",1,1,0,0,6,6,102,6,1,"2011-08-30 00:00:00:000000","0","1"
1,774,1070,"0","PRODOTTI PER CAPELLI  ","PRODOTTI PER CAPELLI  ",4,0,0,0,0,2,"F",1,1,0,0,6,6,102,6,1,"2011-08-30 00:00:00:000000","0","1"
1,775,1070,"0","ALIMENTI INFANZIA     ","ALIMENTI INFANZIA     ",4,0,0,0,0,2,"F",1,1,0,0,6,6,102,6,1,"2011-08-30 00:00:00:000000","0","1"
1,780,1070,"0","TEST AUTODIAGN.SALUTE ","TEST AUTODIAGN.SALUTE ",4,0,0,0,0,2,"F",1,1,0,0,6,6,102,6,1,"2011-08-30 00:00:00:000000","0","1"
1,781,1070,"0","TEST AUTODIAGN.BENESS ","TEST AUTODIAGN.BENESS ",4,0,0,0,0,2,"F",1,1,0,0,6,6,102,6,1,"2011-08-30 00:00:00:000000","0","1"
1,782,1070,"0","PRENOTAZIONI          ","PRENOTAZIONI          ",4,0,0,0,0,2,"F",1,1,0,0,6,6,102,6,1,"2011-08-30 00:00:00:000000","0","1"
1,783,1070,"0","CONVENZIONI           ","CONVENZIONI           ",4,0,0,0,0,2,"F",1,1,0,0,6,6,102,6,1,"2011-08-30 00:00:00:000000","0","1"
1,784,1070,"0","NOLEGGIO              ","NOLEGGIO              ",4,0,0,0,0,2,"F",1,1,0,0,6,6,102,6,1,"2011-08-30 00:00:00:000000","0","1"
1,785,1070,"0","PROD.CONSUM./MAT.PRIME","PROD.CONSUM./MAT.PRIME",4,0,0,0,0,2,"F",1,1,0,0,6,6,102,6,1,"2011-08-30 00:00:00:000000","0","1"
1,761,1070,"0","OMEOPATICI            ","OMEOPATICI            ",3,0,0,0,0,2,"F",1,1,0,0,0,0,0,0,1,"2011-08-30 00:00:00:000000","0","1"
1,762,1070,"0","PARAFARMACI iva 20%   ","PARAFARMACI iva 20%   ",4,0,0,0,0,2,"F",1,1,0,0,6,6,102,6,1,"2011-08-30 00:00:00:000000","0","1"
1,763,1070,"0","VETERINARI            ","VETERINARI            ",3,0,0,0,0,2,"F",1,1,0,0,0,0,0,0,1,"2011-08-30 00:00:00:000000","0","1"
1,764,1070,"0","MEDICINALI iva 20%    ","MEDICINALI iva 20%    ",4,0,0,0,0,2,"F",1,1,0,0,0,0,0,0,1,"2011-08-30 00:00:00:000000","0","1"
1,765,1070,"0","FITOTERAPIA           ","FITOTERAPIA           ",3,0,0,0,0,2,"F",1,1,0,0,6,6,102,6,1,"2011-08-30 00:00:00:000000","0","1"
1,766,1070,"0","PARAFARMACI iva 10%   ","PARAFARMACI iva 10%   ",3,0,0,0,0,2,"F",1,1,0,0,6,6,102,6,1,"2011-08-30 00:00:00:000000","0","1"
1,767,1070,"0","CERT.SPECIALI         ","CERT.SPECIALI         ",4,0,0,0,0,2,"F",1,1,0,0,6,6,102,6,1,"2011-08-30 00:00:00:000000","0","1"
1,768,1070,"0","PARAFARMACI iva  4%   ","PARAFARMACI iva  4%   ",2,0,0,0,0,2,"F",1,1,0,0,6,6,102,6,1,"2011-08-30 00:00:00:000000","0","1"
1,769,1070,"0","OTTICA                ","OTTICA                ",4,0,0,0,0,2,"F",1,1,0,0,6,6,102,6,1,"2011-08-30 00:00:00:000000","0","1"
1,770,1070,"0","PROD.ANTIDEC/SANITARI ","PROD.ANTIDEC/SANITARI ",4,0,0,0,0,2,"F",1,1,0,0,6,6,102,6,1,"2011-08-30 00:00:00:000000","0","1"
1,771,1070,"0","DERMO COSMETICA       ","DERMO COSMETICA       ",4,0,0,0,0,2,"F",1,1,0,0,6,6,102,6,1,"2011-08-30 00:00:00:000000","0","1"
1,221,1015,"0","SALUMI AFFET.TAKE AWAY","SALUMI AFFET.TAKE AWAY",3,0,0,0,0,2,"F",1,1,0,0,6,6,102,6,1,"2011-12-28 07:00:00:000000","1","0"
1,345,1035,"0","CONSERVATO ","CONSERVATO ",3,0,0,0,0,2,"F",1,1,0,0,6,6,102,6,1,"2011-12-28 07:00:00:000000","1","1"
1,349,1035,"0","DECONGELATO/CONGELATO ","DECONGELATO/CONGELATO ",3,0,0,0,0,2,"F",1,1,0,0,6,6,102,6,1,"2011-12-28 07:00:00:000000","1","1"
1,350,1035,"0","CONFEZIONATO DA FORN. ","CONFEZIONATO DA FORN. ",3,0,0,0,0,2,"F",1,1,0,0,6,6,102,6,1,"2011-12-28 07:00:00:000000","1","1"
1,351,1035,"0","CONFEZIONATO A PDV ","CONFEZIONATO A PDV ",3,0,0,0,0,2,"F",1,1,0,0,6,6,102,6,1,"2011-12-28 07:00:00:000000","1","1"
1,457,1060,"0","MANUTENZIONE MOTO ","MANUTENZIONE MOTO ",4,0,0,0,0,2,"F",1,1,0,0,6,6,102,6,1,"2011-12-28 07:00:00:000000","0","1"
1,460,1060,"0","ACCESSORI GIARDINAGGIO","ACCESSORI GIARDINAGGIO",4,0,0,0,0,2,"F",1,1,0,0,6,6,102,6,1,"2011-12-28 07:00:00:000000","0","1"
1,462,1060,"0","PNEUMATICI ","PNEUMATICI ",4,0,0,0,0,2,"F",1,1,0,0,6,6,102,6,1,"2011-12-28 07:00:00:000000","0","1"
1,598,1060,"0","MARE ","MARE ",4,0,0,0,0,2,"F",1,1,0,0,6,6,102,6,1,"2011-12-28 07:00:00:000000","0","1"
1,630,1060,"0","LETTURA ADULTI ","LETTURA ADULTI ",0,0,0,0,0,2,"F",1,1,0,0,6,6,102,6,1,"2011-12-28 07:00:00:000000","0","1"
1,631,1060,"0","LETTURA BAMBINO ","LATTURA BAMBINO ",0,0,0,0,0,2,"F",1,1,0,0,6,6,102,6,1,"2011-12-28 07:00:00:000000","0","1"
1,632,1060,"0","MANUALISTICA ","MANUALISTICA ",0,0,0,0,0,2,"F",1,1,0,0,6,6,102,6,1,"2011-12-28 07:00:00:000000","0","1"
1,633,1060,"0","DIDATTICA ","DIDATTICA ",0,0,0,0,0,2,"F",1,1,0,0,6,6,102,6,1,"2011-12-28 07:00:00:000000","0","1"
1,634,1060,"0","TASCABILE ","TASCABILE ",0,0,0,0,0,2,"F",1,1,0,0,6,6,102,6,1,"2011-12-28 07:00:00:000000","0","1"
1,635,1060,"0","LETTURA PROMOZIONALE ","LETTURA PROMOZIONALE ",0,0,0,0,0,2,"F",1,1,0,0,6,6,102,6,1,"2011-12-28 07:00:00:000000","0","1"
1,636,1060,"0","LETTURA WEB ","LETTURA WEB ",0,0,0,0,0,2,"F",1,1,0,0,6,6,102,6,1,"2011-12-28 07:00:00:000000","0","1"
1,716,1060,"0","TELEFONIA PERIFERICHE ","TELEFONIA PERIFERICHE ",4,0,0,0,0,2,"F",1,1,0,0,6,6,102,6,1,"2011-12-28 07:00:00:000000","0","1"
1,778,1070,"0","CAMPIONI GRATUITI ","CAMPIONI GRATUITI ",4,0,0,0,0,2,"F",1,1,0,0,6,6,102,6,1,"2011-12-28 07:00:00:000000","0","1"
1,779,1070,"0","PARAFARMACO USO VETER.","PARAFARMACO USO VETER.",3,0,0,0,0,2,"F",1,1,0,0,0,0,0,0,1,"2011-12-28 07:00:00:000000","0","1"
1,786,1070,"0","FASCIA ","FASCIA ",3,0,0,0,0,2,"F",1,1,0,0,0,0,0,0,1,"2011-12-28 07:00:00:000000","0","1"
1,806,1060,"0","PARCHEGGI ","PARCHEGGI ",4,0,0,0,0,2,"F",1,1,0,0,0,0,0,0,1,"2011-12-28 07:00:00:000000","0","1"
1,897,1060,"0","CARD VIRTUALI ","CARD VIRTUALI ",4,0,0,0,0,2,"F",1,1,0,0,6,6,102,6,1,"2011-12-28 07:00:00:000000","0","1"
1,997,1050,"0","COLLEZIONAMENTO BOLLINI","COLLEZIONAMENTO BOLLINI",4,0,0,0,0,2,"F",1,1,0,0,6,6,102,6,1,"2011-09-15 00:00:00:000000","0","1"
1,894,1060,"0","EXTRA ALIMENTARI","RIPARAZIONI POST ACQUISTO",4,0,0,0,0,2,"F",1,1,0,0,6,6,102,6,1,"2012-01-11 07:00:00:000000","0","1"
1,896,1060,"0","EXTRA ALIMENTARI","SPESE PRATICHE POST ACQUISTO",4,0,0,0,0,2,"F",1,1,0,0,6,6,102,6,1,"2012-01-11 07:00:00:000000","0","1"
